doc_id	language	char_offset	token_index	adu_id	edu_id	boundary_class	source	status	confidence	model	run_id	sameunit_affected
micro_b001	en	0		a1	1	document_start	arg-microtexts-multilayer@ceb01da17d8c2a82cb713d8f16e290f42eee0eab	gold				false
micro_b001	en	82		a2	2	adu	arg-microtexts-multilayer@ceb01da17d8c2a82cb713d8f16e290f42eee0eab	gold				false
micro_b001	en	133		a2	3	internal_edu	arg-microtexts-multilayer@ceb01da17d8c2a82cb713d8f16e290f42eee0eab	gold				false
micro_b001	en	184		a3	4	adu	arg-microtexts-multilayer@ceb01da17d8c2a82cb713d8f16e290f42eee0eab	gold				false
micro_b001	en	232		a4	5	adu	arg-microtexts-multilayer@ceb01da17d8c2a82cb713d8f16e290f42eee0eab	gold				false
micro_b001	en	264		a4	12	internal_edu	arg-microtexts-multilayer@ceb01da17d8c2a82cb713d8f16e290f42eee0eab	gold				false
micro_b001	en	326		a5	6	adu	arg-microtexts-multilayer@ceb01da17d8c2a82cb713d8f16e290f42eee0eab	gold				false
micro_b002	en	0		a1	1	document_start	arg-microtexts-multilayer@ceb01da17d8c2a82cb713d8f16e290f42eee0eab	gold				false
micro_b002	en	61		a1	11	internal_edu	arg-microtexts-multilayer@ceb01da17d8c2a82cb713d8f16e290f42eee0eab	gold				false
micro_b002	en	115		a2	2	adu	arg-microtexts-multilayer@ceb01da17d8c2a82cb713d8f16e290f42eee0eab	gold				false
micro_b002	en	145		a2	13	internal_edu	arg-microtexts-multilayer@ceb01da17d8c2a82cb713d8f16e290f42eee0eab	gold				false
micro_b002	en	192		a2	3	internal_edu	arg-microtexts-multilayer@ceb01da17d8c2a82cb713d8f16e290f42eee0eab	gold				false
micro_b002	en	253		a3	4	adu	arg-microtexts-multilayer@ceb01da17d8c2a82cb713d8f16e290f42eee0eab	gold				false
micro_b002	en	356		a4	5	adu	arg-microtexts-multilayer@ceb01da17d8c2a82cb713d8f16e290f42eee0eab	gold				false
micro_b002	en	444		a5	6	adu	arg-microtexts-multilayer@ceb01da17d8c2a82cb713d8f16e290f42eee0eab	gold				false
micro_b002	en	490		a5	7	internal_edu	arg-microtexts-multilayer@ceb01da17d8c2a82cb713d8f16e290f42eee0eab	gold				false
micro_b003	en	0		a1	1	document_start	arg-microtexts-multilayer@ceb01da17d8c2a82cb713d8f16e290f42eee0eab	gold				false
micro_b003	en	80		a2	2	adu	arg-microtexts-multilayer@ceb01da17d8c2a82cb713d8f16e290f42eee0eab	gold				false
micro_b003	en	160		a3	3	adu	arg-microtexts-multilayer@ceb01da17d8c2a82cb713d8f16e290f42eee0eab	gold				false
micro_b003	en	206		a4	4	adu	arg-microtexts-multilayer@ceb01da17d8c2a82cb713d8f16e290f42eee0eab	gold				false
micro_b003	en	281		a5	5	adu	arg-microtexts-multilayer@ceb01da17d8c2a82cb713d8f16e290f42eee0eab	gold				false
micro_b003	en	332		a5	6	internal_edu	arg-microtexts-multilayer@ceb01da17d8c2a82cb713d8f16e290f42eee0eab	gold				false
micro_b004	en	0		a1	1	document_start	arg-microtexts-multilayer@ceb01da17d8c2a82cb713d8f16e290f42eee0eab	gold				false
micro_b004	en	104		a2	2	adu	arg-microtexts-multilayer@ceb01da17d8c2a82cb713d8f16e290f42eee0eab	gold				false
micro_b004	en	202		a3	3	adu	arg-microtexts-multilayer@ceb01da17d8c2a82cb713d8f16e290f42eee0eab	gold				false
micro_b004	en	304		a4	4	adu	arg-microtexts-multilayer@ceb01da17d8c2a82cb713d8f16e290f42eee0eab	gold				false
micro_b004	en	347		a5	5	adu	arg-microtexts-multilayer@ceb01da17d8c2a82cb713d8f16e290f42eee0eab	gold				false
micro_b005	en	0		a1	1	document_start	arg-microtexts-multilayer@ceb01da17d8c2a82cb713d8f16e290f42eee0eab	gold				false
micro_b005	en	77		a2	2	adu	arg-microtexts-multilayer@ceb01da17d8c2a82cb713d8f16e290f42eee0eab	gold				false
micro_b005	en	151		a3	3	adu	arg-microtexts-multilayer@ceb01da17d8c2a82cb713d8f16e290f42eee0eab	gold				false
micro_b005	en	232		a4	4	adu	arg-microtexts-multilayer@ceb01da17d8c2a82cb713d8f16e290f42eee0eab	gold				false
micro_b005	en	300		a5	5	adu	arg-microtexts-multilayer@ceb01da17d8c2a82cb713d8f16e290f42eee0eab	gold				false
micro_b006	en	0		a1	1	document_start	arg-microtexts-multilayer@ceb01da17d8c2a82cb713d8f16e290f42eee0eab	gold				false
micro_b006	en	79		a2	2	adu	arg-microtexts-multilayer@ceb01da17d8c2a82cb713d8f16e290f42eee0eab	gold				false
micro_b006	en	152		a3	3	adu	arg-microtexts-multilayer@ceb01da17d8c2a82cb713d8f16e290f42eee0eab	gold				false
micro_b006	en	247		a4	4	adu	arg-microtexts-multilayer@ceb01da17d8c2a82cb713d8f16e290f42eee0eab	gold				false
micro_b006	en	349		a5	5	adu	arg-microtexts-multilayer@ceb01da17d8c2a82cb713d8f16e290f42eee0eab	gold				false
micro_b007	en	0		a1	1	document_start	arg-microtexts-multilayer@ceb01da17d8c2a82cb713d8f16e290f42eee0eab	gold				false
micro_b007	en	91		a2	2	adu	arg-microtexts-multilayer@ceb01da17d8c2a82cb713d8f16e290f42eee0eab	gold				false
micro_b007	en	205		a3	3	adu	arg-microtexts-multilayer@ceb01da17d8c2a82cb713d8f16e290f42eee0eab	gold				false
micro_b007	en	274		a4	4	adu	arg-microtexts-multilayer@ceb01da17d8c2a82cb713d8f16e290f42eee0eab	gold				false
micro_b007	en	367		a5	5	adu	arg-microtexts-multilayer@ceb01da17d8c2a82cb713d8f16e290f42eee0eab	gold				false
micro_b008	en	0		a1	1	document_start	arg-microtexts-multilayer@ceb01da17d8c2a82cb713d8f16e290f42eee0eab	gold				false
micro_b008	en	154		a2	2	adu	arg-microtexts-multilayer@ceb01da17d8c2a82cb713d8f16e290f42eee0eab	gold				false
micro_b008	en	180		a3	4	adu	arg-microtexts-multilayer@ceb01da17d8c2a82cb713d8f16e290f42eee0eab	gold				false
micro_b008	en	231		a4	3	adu	arg-microtexts-multilayer@ceb01da17d8c2a82cb713d8f16e290f42eee0eab	gold				false
micro_b008	en	272		a5	5	adu	arg-microtexts-multilayer@ceb01da17d8c2a82cb713d8f16e290f42eee0eab	gold				false
micro_b009	en	0		a1	1	document_start	arg-microtexts-multilayer@ceb01da17d8c2a82cb713d8f16e290f42eee0eab	gold				false
micro_b009	en	104		a2	2	adu	arg-microtexts-multilayer@ceb01da17d8c2a82cb713d8f16e290f42eee0eab	gold				false
micro_b009	en	173		a3	3	adu	arg-microtexts-multilayer@ceb01da17d8c2a82cb713d8f16e290f42eee0eab	gold				false
micro_b009	en	280		a4	4	adu	arg-microtexts-multilayer@ceb01da17d8c2a82cb713d8f16e290f42eee0eab	gold				false
micro_b010	en	0		a1	1	document_start	arg-microtexts-multilayer@ceb01da17d8c2a82cb713d8f16e290f42eee0eab	gold				false
micro_b010	en	88		a2	2	adu	arg-microtexts-multilayer@ceb01da17d8c2a82cb713d8f16e290f42eee0eab	gold				false
micro_b010	en	169		a3	3	adu	arg-microtexts-multilayer@ceb01da17d8c2a82cb713d8f16e290f42eee0eab	gold				false
micro_b010	en	277		a4	4	adu	arg-microtexts-multilayer@ceb01da17d8c2a82cb713d8f16e290f42eee0eab	gold				false
micro_b010	en	314		a5	5	adu	arg-microtexts-multilayer@ceb01da17d8c2a82cb713d8f16e290f42eee0eab	gold				false
micro_b011	en	0		a1	1	document_start	arg-microtexts-multilayer@ceb01da17d8c2a82cb713d8f16e290f42eee0eab	gold				false
micro_b011	en	81		a2	2	adu	arg-microtexts-multilayer@ceb01da17d8c2a82cb713d8f16e290f42eee0eab	gold				false
micro_b011	en	123		a3	3	adu	arg-microtexts-multilayer@ceb01da17d8c2a82cb713d8f16e290f42eee0eab	gold				false
micro_b011	en	148		a3	4	internal_edu	arg-microtexts-multilayer@ceb01da17d8c2a82cb713d8f16e290f42eee0eab	gold				false
micro_b012	en	0		a1	1	document_start	arg-microtexts-multilayer@ceb01da17d8c2a82cb713d8f16e290f42eee0eab	gold				false
micro_b012	en	58		a2	2	adu	arg-microtexts-multilayer@ceb01da17d8c2a82cb713d8f16e290f42eee0eab	gold				false
micro_b012	en	161		a3	3	adu	arg-microtexts-multilayer@ceb01da17d8c2a82cb713d8f16e290f42eee0eab	gold				false
micro_b012	en	334		a4	4	adu	arg-microtexts-multilayer@ceb01da17d8c2a82cb713d8f16e290f42eee0eab	gold				false
micro_b012	en	422		a4	5	internal_edu	arg-microtexts-multilayer@ceb01da17d8c2a82cb713d8f16e290f42eee0eab	gold				false
micro_b013	en	0		a1	1	document_start	arg-microtexts-multilayer@ceb01da17d8c2a82cb713d8f16e290f42eee0eab	gold				false
micro_b013	en	82		a2	2	adu	arg-microtexts-multilayer@ceb01da17d8c2a82cb713d8f16e290f42eee0eab	gold				false
micro_b013	en	197		a3	3	adu	arg-microtexts-multilayer@ceb01da17d8c2a82cb713d8f16e290f42eee0eab	gold				false
micro_b013	en	337		a4	4	adu	arg-microtexts-multilayer@ceb01da17d8c2a82cb713d8f16e290f42eee0eab	gold				false
micro_b013	en	431		a5	5	adu	arg-microtexts-multilayer@ceb01da17d8c2a82cb713d8f16e290f42eee0eab	gold				false
micro_b014	en	0		a1	1	document_start	arg-microtexts-multilayer@ceb01da17d8c2a82cb713d8f16e290f42eee0eab	gold				false
micro_b014	en	100		a2	2	adu	arg-microtexts-multilayer@ceb01da17d8c2a82cb713d8f16e290f42eee0eab	gold				false
micro_b014	en	170		a3	3	adu	arg-microtexts-multilayer@ceb01da17d8c2a82cb713d8f16e290f42eee0eab	gold				false
micro_b014	en	261		a4	4	adu	arg-microtexts-multilayer@ceb01da17d8c2a82cb713d8f16e290f42eee0eab	gold				false
micro_b014	en	292		a4	5	internal_edu	arg-microtexts-multilayer@ceb01da17d8c2a82cb713d8f16e290f42eee0eab	gold				false
micro_b014	en	378		a5	6	adu	arg-microtexts-multilayer@ceb01da17d8c2a82cb713d8f16e290f42eee0eab	gold				false
micro_b015	en	0		a1	1	document_start	arg-microtexts-multilayer@ceb01da17d8c2a82cb713d8f16e290f42eee0eab	gold				false
micro_b015	en	87		a2	2	adu	arg-microtexts-multilayer@ceb01da17d8c2a82cb713d8f16e290f42eee0eab	gold				false
micro_b015	en	148		a3	3	adu	arg-microtexts-multilayer@ceb01da17d8c2a82cb713d8f16e290f42eee0eab	gold				false
micro_b015	en	191		a3	4	internal_edu	arg-microtexts-multilayer@ceb01da17d8c2a82cb713d8f16e290f42eee0eab	gold				false
micro_b015	en	224		a3	5	internal_edu	arg-microtexts-multilayer@ceb01da17d8c2a82cb713d8f16e290f42eee0eab	gold				false
micro_b015	en	255		a4	6	adu	arg-microtexts-multilayer@ceb01da17d8c2a82cb713d8f16e290f42eee0eab	gold				false
micro_b015	en	299		a5	7	adu	arg-microtexts-multilayer@ceb01da17d8c2a82cb713d8f16e290f42eee0eab	gold				false
micro_b016	en	0		a1	1	document_start	arg-microtexts-multilayer@ceb01da17d8c2a82cb713d8f16e290f42eee0eab	gold				false
micro_b016	en	106		a1	2	internal_edu	arg-microtexts-multilayer@ceb01da17d8c2a82cb713d8f16e290f42eee0eab	gold				false
micro_b016	en	142		a2	3	adu	arg-microtexts-multilayer@ceb01da17d8c2a82cb713d8f16e290f42eee0eab	gold				false
micro_b016	en	198		a2	4	internal_edu	arg-microtexts-multilayer@ceb01da17d8c2a82cb713d8f16e290f42eee0eab	gold				false
micro_b016	en	245		a2	5	internal_edu	arg-microtexts-multilayer@ceb01da17d8c2a82cb713d8f16e290f42eee0eab	gold				false
micro_b016	en	290		a3	6	adu	arg-microtexts-multilayer@ceb01da17d8c2a82cb713d8f16e290f42eee0eab	gold				false
micro_b016	en	426		a4	7	adu	arg-microtexts-multilayer@ceb01da17d8c2a82cb713d8f16e290f42eee0eab	gold				false
micro_b016	en	517		a5	8	adu	arg-microtexts-multilayer@ceb01da17d8c2a82cb713d8f16e290f42eee0eab	gold				false
micro_b017	en	0		a1	1	document_start	arg-microtexts-multilayer@ceb01da17d8c2a82cb713d8f16e290f42eee0eab	gold				false
micro_b017	en	39		a1	2	internal_edu	arg-microtexts-multilayer@ceb01da17d8c2a82cb713d8f16e290f42eee0eab	gold				false
micro_b017	en	72		a2	3	adu	arg-microtexts-multilayer@ceb01da17d8c2a82cb713d8f16e290f42eee0eab	gold				false
micro_b017	en	120		a3	4	adu	arg-microtexts-multilayer@ceb01da17d8c2a82cb713d8f16e290f42eee0eab	gold				false
micro_b017	en	199		a4	5	adu	arg-microtexts-multilayer@ceb01da17d8c2a82cb713d8f16e290f42eee0eab	gold				false
micro_b017	en	318		a5	6	adu	arg-microtexts-multilayer@ceb01da17d8c2a82cb713d8f16e290f42eee0eab	gold				false
micro_b018	en	0		a1	1	document_start	arg-microtexts-multilayer@ceb01da17d8c2a82cb713d8f16e290f42eee0eab	gold				false
micro_b018	en	74		a2	2	adu	arg-microtexts-multilayer@ceb01da17d8c2a82cb713d8f16e290f42eee0eab	gold				false
micro_b018	en	167		a3	3	adu	arg-microtexts-multilayer@ceb01da17d8c2a82cb713d8f16e290f42eee0eab	gold				false
micro_b018	en	236		a4	4	adu	arg-microtexts-multilayer@ceb01da17d8c2a82cb713d8f16e290f42eee0eab	gold				false
micro_b018	en	306		a5	5	adu	arg-microtexts-multilayer@ceb01da17d8c2a82cb713d8f16e290f42eee0eab	gold				false
micro_b019	en	0		a1	1	document_start	arg-microtexts-multilayer@ceb01da17d8c2a82cb713d8f16e290f42eee0eab	gold				false
micro_b019	en	81		a2	2	adu	arg-microtexts-multilayer@ceb01da17d8c2a82cb713d8f16e290f42eee0eab	gold				false
micro_b019	en	151		a3	3	adu	arg-microtexts-multilayer@ceb01da17d8c2a82cb713d8f16e290f42eee0eab	gold				false
micro_b019	en	226		a4	4	adu	arg-microtexts-multilayer@ceb01da17d8c2a82cb713d8f16e290f42eee0eab	gold				false
micro_b019	en	287		a5	5	adu	arg-microtexts-multilayer@ceb01da17d8c2a82cb713d8f16e290f42eee0eab	gold				false
micro_b019	en	361		a6	6	adu	arg-microtexts-multilayer@ceb01da17d8c2a82cb713d8f16e290f42eee0eab	gold				false
micro_b020	en	0		a1	1	document_start	arg-microtexts-multilayer@ceb01da17d8c2a82cb713d8f16e290f42eee0eab	gold				false
micro_b020	en	45		a2	2	adu	arg-microtexts-multilayer@ceb01da17d8c2a82cb713d8f16e290f42eee0eab	gold				false
micro_b020	en	115		a3	3	adu	arg-microtexts-multilayer@ceb01da17d8c2a82cb713d8f16e290f42eee0eab	gold				false
micro_b020	en	178		a4	4	adu	arg-microtexts-multilayer@ceb01da17d8c2a82cb713d8f16e290f42eee0eab	gold				false
micro_b020	en	236		a5	5	adu	arg-microtexts-multilayer@ceb01da17d8c2a82cb713d8f16e290f42eee0eab	gold				false
micro_b020	en	303		a6	6	adu	arg-microtexts-multilayer@ceb01da17d8c2a82cb713d8f16e290f42eee0eab	gold				false
micro_b021	en	0		a1	1	document_start	arg-microtexts-multilayer@ceb01da17d8c2a82cb713d8f16e290f42eee0eab	gold				false
micro_b021	en	47		a2	2	adu	arg-microtexts-multilayer@ceb01da17d8c2a82cb713d8f16e290f42eee0eab	gold				false
micro_b021	en	122		a3	3	adu	arg-microtexts-multilayer@ceb01da17d8c2a82cb713d8f16e290f42eee0eab	gold				false
micro_b021	en	166		a4	4	adu	arg-microtexts-multilayer@ceb01da17d8c2a82cb713d8f16e290f42eee0eab	gold				false
micro_b022	en	0		a1	1	document_start	arg-microtexts-multilayer@ceb01da17d8c2a82cb713d8f16e290f42eee0eab	gold				false
micro_b022	en	53		a2	2	adu	arg-microtexts-multilayer@ceb01da17d8c2a82cb713d8f16e290f42eee0eab	gold				false
micro_b022	en	90		a3	3	adu	arg-microtexts-multilayer@ceb01da17d8c2a82cb713d8f16e290f42eee0eab	gold				false
micro_b022	en	144		a4	4	adu	arg-microtexts-multilayer@ceb01da17d8c2a82cb713d8f16e290f42eee0eab	gold				false
micro_b022	en	206		a5	5	adu	arg-microtexts-multilayer@ceb01da17d8c2a82cb713d8f16e290f42eee0eab	gold				false
micro_b023	en	0		a1	1	document_start	arg-microtexts-multilayer@ceb01da17d8c2a82cb713d8f16e290f42eee0eab	gold				false
micro_b023	en	101		a2	2	adu	arg-microtexts-multilayer@ceb01da17d8c2a82cb713d8f16e290f42eee0eab	gold				false
micro_b023	en	141		a3	3	adu	arg-microtexts-multilayer@ceb01da17d8c2a82cb713d8f16e290f42eee0eab	gold				false
micro_b023	en	201		a4	4	adu	arg-microtexts-multilayer@ceb01da17d8c2a82cb713d8f16e290f42eee0eab	gold				false
micro_b023	en	321		a5	5	adu	arg-microtexts-multilayer@ceb01da17d8c2a82cb713d8f16e290f42eee0eab	gold				false
micro_b024	en	0		a1	1	document_start	arg-microtexts-multilayer@ceb01da17d8c2a82cb713d8f16e290f42eee0eab	gold				false
micro_b024	en	39		a1	2	internal_edu	arg-microtexts-multilayer@ceb01da17d8c2a82cb713d8f16e290f42eee0eab	gold				false
micro_b024	en	103		a2	3	adu	arg-microtexts-multilayer@ceb01da17d8c2a82cb713d8f16e290f42eee0eab	gold				false
micro_b024	en	142		a3	4	adu	arg-microtexts-multilayer@ceb01da17d8c2a82cb713d8f16e290f42eee0eab	gold				false
micro_b024	en	244		a3	5	internal_edu	arg-microtexts-multilayer@ceb01da17d8c2a82cb713d8f16e290f42eee0eab	gold				false
micro_b024	en	270		a4	6	adu	arg-microtexts-multilayer@ceb01da17d8c2a82cb713d8f16e290f42eee0eab	gold				false
micro_b024	en	335		a5	7	adu	arg-microtexts-multilayer@ceb01da17d8c2a82cb713d8f16e290f42eee0eab	gold				false
micro_b025	en	0		a1	1	document_start	arg-microtexts-multilayer@ceb01da17d8c2a82cb713d8f16e290f42eee0eab	gold				false
micro_b025	en	61		a2	2	adu	arg-microtexts-multilayer@ceb01da17d8c2a82cb713d8f16e290f42eee0eab	gold				false
micro_b025	en	104		a3	3	adu	arg-microtexts-multilayer@ceb01da17d8c2a82cb713d8f16e290f42eee0eab	gold				false
micro_b025	en	204		a4	4	adu	arg-microtexts-multilayer@ceb01da17d8c2a82cb713d8f16e290f42eee0eab	gold				false
micro_b025	en	263		a5	5	adu	arg-microtexts-multilayer@ceb01da17d8c2a82cb713d8f16e290f42eee0eab	gold				false
micro_b025	en	314		a6	6	adu	arg-microtexts-multilayer@ceb01da17d8c2a82cb713d8f16e290f42eee0eab	gold				false
micro_b026	en	0		a1	1	document_start	arg-microtexts-multilayer@ceb01da17d8c2a82cb713d8f16e290f42eee0eab	gold				false
micro_b026	en	118		a2	2	adu	arg-microtexts-multilayer@ceb01da17d8c2a82cb713d8f16e290f42eee0eab	gold				false
micro_b026	en	192		a3	3	adu	arg-microtexts-multilayer@ceb01da17d8c2a82cb713d8f16e290f42eee0eab	gold				false
micro_b026	en	241		a3	4	internal_edu	arg-microtexts-multilayer@ceb01da17d8c2a82cb713d8f16e290f42eee0eab	gold				false
micro_b026	en	275		a4	5	adu	arg-microtexts-multilayer@ceb01da17d8c2a82cb713d8f16e290f42eee0eab	gold				false
micro_b026	en	353		a5	6	adu	arg-microtexts-multilayer@ceb01da17d8c2a82cb713d8f16e290f42eee0eab	gold				false
micro_b026	en	413		a6	7	adu	arg-microtexts-multilayer@ceb01da17d8c2a82cb713d8f16e290f42eee0eab	gold				false
micro_b027	en	0		a1	1	document_start	arg-microtexts-multilayer@ceb01da17d8c2a82cb713d8f16e290f42eee0eab	gold				false
micro_b027	en	50		a2	2	adu	arg-microtexts-multilayer@ceb01da17d8c2a82cb713d8f16e290f42eee0eab	gold				false
micro_b027	en	129		a3	3	adu	arg-microtexts-multilayer@ceb01da17d8c2a82cb713d8f16e290f42eee0eab	gold				false
micro_b027	en	252		a4	4	adu	arg-microtexts-multilayer@ceb01da17d8c2a82cb713d8f16e290f42eee0eab	gold				false
micro_b027	en	377		a5	5	adu	arg-microtexts-multilayer@ceb01da17d8c2a82cb713d8f16e290f42eee0eab	gold				false
micro_b028	en	0		a1	1	document_start	arg-microtexts-multilayer@ceb01da17d8c2a82cb713d8f16e290f42eee0eab	gold				false
micro_b028	en	84		a2	2	adu	arg-microtexts-multilayer@ceb01da17d8c2a82cb713d8f16e290f42eee0eab	gold				false
micro_b028	en	157		a3	3	adu	arg-microtexts-multilayer@ceb01da17d8c2a82cb713d8f16e290f42eee0eab	gold				false
micro_b028	en	232		a4	4	adu	arg-microtexts-multilayer@ceb01da17d8c2a82cb713d8f16e290f42eee0eab	gold				false
micro_b028	en	307		a5	5	adu	arg-microtexts-multilayer@ceb01da17d8c2a82cb713d8f16e290f42eee0eab	gold				false
micro_b029	en	0		a1	1	document_start	arg-microtexts-multilayer@ceb01da17d8c2a82cb713d8f16e290f42eee0eab	gold				false
micro_b029	en	82		a2	2	adu	arg-microtexts-multilayer@ceb01da17d8c2a82cb713d8f16e290f42eee0eab	gold				false
micro_b029	en	164		a3	3	adu	arg-microtexts-multilayer@ceb01da17d8c2a82cb713d8f16e290f42eee0eab	gold				false
micro_b029	en	282		a4	4	adu	arg-microtexts-multilayer@ceb01da17d8c2a82cb713d8f16e290f42eee0eab	gold				false
micro_b029	en	358		a5	5	adu	arg-microtexts-multilayer@ceb01da17d8c2a82cb713d8f16e290f42eee0eab	gold				false
micro_b030	en	0		a1	1	document_start	arg-microtexts-multilayer@ceb01da17d8c2a82cb713d8f16e290f42eee0eab	gold				false
micro_b030	en	51		a2	2	adu	arg-microtexts-multilayer@ceb01da17d8c2a82cb713d8f16e290f42eee0eab	gold				false
micro_b030	en	181		a3	3	adu	arg-microtexts-multilayer@ceb01da17d8c2a82cb713d8f16e290f42eee0eab	gold				false
micro_b030	en	276		a4	4	adu	arg-microtexts-multilayer@ceb01da17d8c2a82cb713d8f16e290f42eee0eab	gold				false
micro_b031	en	0		a1	1	document_start	arg-microtexts-multilayer@ceb01da17d8c2a82cb713d8f16e290f42eee0eab	gold				false
micro_b031	en	59		a2	2	adu	arg-microtexts-multilayer@ceb01da17d8c2a82cb713d8f16e290f42eee0eab	gold				false
micro_b031	en	147		a3	3	adu	arg-microtexts-multilayer@ceb01da17d8c2a82cb713d8f16e290f42eee0eab	gold				false
micro_b031	en	211		a4	4	adu	arg-microtexts-multilayer@ceb01da17d8c2a82cb713d8f16e290f42eee0eab	gold				false
micro_b032	en	0		a1	1	document_start	arg-microtexts-multilayer@ceb01da17d8c2a82cb713d8f16e290f42eee0eab	gold				false
micro_b032	en	60		a2	2	adu	arg-microtexts-multilayer@ceb01da17d8c2a82cb713d8f16e290f42eee0eab	gold				false
micro_b032	en	106		a3	3	adu	arg-microtexts-multilayer@ceb01da17d8c2a82cb713d8f16e290f42eee0eab	gold				false
micro_b032	en	197		a4	4	adu	arg-microtexts-multilayer@ceb01da17d8c2a82cb713d8f16e290f42eee0eab	gold				false
micro_b032	en	250		a4	5	internal_edu	arg-microtexts-multilayer@ceb01da17d8c2a82cb713d8f16e290f42eee0eab	gold				false
micro_b033	en	0		a1	1	document_start	arg-microtexts-multilayer@ceb01da17d8c2a82cb713d8f16e290f42eee0eab	gold				false
micro_b033	en	96		a2	2	adu	arg-microtexts-multilayer@ceb01da17d8c2a82cb713d8f16e290f42eee0eab	gold				false
micro_b033	en	154		a3	3	adu	arg-microtexts-multilayer@ceb01da17d8c2a82cb713d8f16e290f42eee0eab	gold				false
micro_b034	en	0		a1	1	document_start	arg-microtexts-multilayer@ceb01da17d8c2a82cb713d8f16e290f42eee0eab	gold				false
micro_b034	en	62		a2	2	adu	arg-microtexts-multilayer@ceb01da17d8c2a82cb713d8f16e290f42eee0eab	gold				false
micro_b034	en	128		a3	3	adu	arg-microtexts-multilayer@ceb01da17d8c2a82cb713d8f16e290f42eee0eab	gold				false
micro_b034	en	217		a4	4	adu	arg-microtexts-multilayer@ceb01da17d8c2a82cb713d8f16e290f42eee0eab	gold				false
micro_b034	en	250		a4	5	internal_edu	arg-microtexts-multilayer@ceb01da17d8c2a82cb713d8f16e290f42eee0eab	gold				false
micro_b034	en	274		a5	6	adu	arg-microtexts-multilayer@ceb01da17d8c2a82cb713d8f16e290f42eee0eab	gold				false
micro_b035	en	0		a1	1	document_start	arg-microtexts-multilayer@ceb01da17d8c2a82cb713d8f16e290f42eee0eab	gold				false
micro_b035	en	85		a2	2	adu	arg-microtexts-multilayer@ceb01da17d8c2a82cb713d8f16e290f42eee0eab	gold				false
micro_b035	en	157		a2	3	internal_edu	arg-microtexts-multilayer@ceb01da17d8c2a82cb713d8f16e290f42eee0eab	gold				false
micro_b035	en	192		a3	4	adu	arg-microtexts-multilayer@ceb01da17d8c2a82cb713d8f16e290f42eee0eab	gold				false
micro_b035	en	264		a4	5	adu	arg-microtexts-multilayer@ceb01da17d8c2a82cb713d8f16e290f42eee0eab	gold				false
micro_b035	en	385		a5	6	adu	arg-microtexts-multilayer@ceb01da17d8c2a82cb713d8f16e290f42eee0eab	gold				false
micro_b036	en	0		a1	1	document_start	arg-microtexts-multilayer@ceb01da17d8c2a82cb713d8f16e290f42eee0eab	gold				false
micro_b036	en	65		a2	2	adu	arg-microtexts-multilayer@ceb01da17d8c2a82cb713d8f16e290f42eee0eab	gold				false
micro_b036	en	123		a2	4	internal_edu	arg-microtexts-multilayer@ceb01da17d8c2a82cb713d8f16e290f42eee0eab	gold				false
micro_b036	en	172		a3	3	adu	arg-microtexts-multilayer@ceb01da17d8c2a82cb713d8f16e290f42eee0eab	gold				false
micro_b036	en	233		a4	5	adu	arg-microtexts-multilayer@ceb01da17d8c2a82cb713d8f16e290f42eee0eab	gold				false
micro_b036	en	311		a5	6	adu	arg-microtexts-multilayer@ceb01da17d8c2a82cb713d8f16e290f42eee0eab	gold				false
micro_b036	en	343		a5	8	internal_edu	arg-microtexts-multilayer@ceb01da17d8c2a82cb713d8f16e290f42eee0eab	gold				false
micro_b036	en	388		a6	7	adu	arg-microtexts-multilayer@ceb01da17d8c2a82cb713d8f16e290f42eee0eab	gold				false
micro_b037	en	0		a1	1	document_start	arg-microtexts-multilayer@ceb01da17d8c2a82cb713d8f16e290f42eee0eab	gold				false
micro_b037	en	77		a2	2	adu	arg-microtexts-multilayer@ceb01da17d8c2a82cb713d8f16e290f42eee0eab	gold				false
micro_b037	en	154		a3	3	adu	arg-microtexts-multilayer@ceb01da17d8c2a82cb713d8f16e290f42eee0eab	gold				false
micro_b037	en	274		a4	4	adu	arg-microtexts-multilayer@ceb01da17d8c2a82cb713d8f16e290f42eee0eab	gold				false
micro_b037	en	322		a5	5	adu	arg-microtexts-multilayer@ceb01da17d8c2a82cb713d8f16e290f42eee0eab	gold				false
micro_b038	en	0		a1	1	document_start	arg-microtexts-multilayer@ceb01da17d8c2a82cb713d8f16e290f42eee0eab	gold				false
micro_b038	en	59		a2	2	adu	arg-microtexts-multilayer@ceb01da17d8c2a82cb713d8f16e290f42eee0eab	gold				false
micro_b038	en	156		a3	3	adu	arg-microtexts-multilayer@ceb01da17d8c2a82cb713d8f16e290f42eee0eab	gold				false
micro_b038	en	243		a4	4	adu	arg-microtexts-multilayer@ceb01da17d8c2a82cb713d8f16e290f42eee0eab	gold				false
micro_b038	en	300		a4	5	internal_edu	arg-microtexts-multilayer@ceb01da17d8c2a82cb713d8f16e290f42eee0eab	gold				false
micro_b038	en	355		a5	6	adu	arg-microtexts-multilayer@ceb01da17d8c2a82cb713d8f16e290f42eee0eab	gold				false
micro_b038	en	430		a6	7	adu	arg-microtexts-multilayer@ceb01da17d8c2a82cb713d8f16e290f42eee0eab	gold				false
micro_b038	en	510		a6	8	internal_edu	arg-microtexts-multilayer@ceb01da17d8c2a82cb713d8f16e290f42eee0eab	gold				false
micro_b039	en	0		a1	1	document_start	arg-microtexts-multilayer@ceb01da17d8c2a82cb713d8f16e290f42eee0eab	gold				false
micro_b039	en	66		a2	2	adu	arg-microtexts-multilayer@ceb01da17d8c2a82cb713d8f16e290f42eee0eab	gold				false
micro_b039	en	155		a3	3	adu	arg-microtexts-multilayer@ceb01da17d8c2a82cb713d8f16e290f42eee0eab	gold				false
micro_b039	en	213		a4	4	adu	arg-microtexts-multilayer@ceb01da17d8c2a82cb713d8f16e290f42eee0eab	gold				false
micro_b039	en	341		a5	5	adu	arg-microtexts-multilayer@ceb01da17d8c2a82cb713d8f16e290f42eee0eab	gold				false
micro_b039	en	431		a6	6	adu	arg-microtexts-multilayer@ceb01da17d8c2a82cb713d8f16e290f42eee0eab	gold				false
micro_b039	en	495		a6	7	internal_edu	arg-microtexts-multilayer@ceb01da17d8c2a82cb713d8f16e290f42eee0eab	gold				false
micro_b040	en	0		a1	1	document_start	arg-microtexts-multilayer@ceb01da17d8c2a82cb713d8f16e290f42eee0eab	gold				false
micro_b040	en	66		a2	2	adu	arg-microtexts-multilayer@ceb01da17d8c2a82cb713d8f16e290f42eee0eab	gold				false
micro_b040	en	96		a2	3	internal_edu	arg-microtexts-multilayer@ceb01da17d8c2a82cb713d8f16e290f42eee0eab	gold				false
micro_b040	en	126		a3	14	adu	arg-microtexts-multilayer@ceb01da17d8c2a82cb713d8f16e290f42eee0eab	gold				false
micro_b040	en	206		a4	4	adu	arg-microtexts-multilayer@ceb01da17d8c2a82cb713d8f16e290f42eee0eab	gold				false
micro_b040	en	318		a4	5	internal_edu	arg-microtexts-multilayer@ceb01da17d8c2a82cb713d8f16e290f42eee0eab	gold				false
micro_b040	en	345		a5	6	adu	arg-microtexts-multilayer@ceb01da17d8c2a82cb713d8f16e290f42eee0eab	gold				false
micro_b040	en	432		a6	7	adu	arg-microtexts-multilayer@ceb01da17d8c2a82cb713d8f16e290f42eee0eab	gold				false
micro_b041	en	0		a1	1	document_start	arg-microtexts-multilayer@ceb01da17d8c2a82cb713d8f16e290f42eee0eab	gold				false
micro_b041	en	47		a1	2	internal_edu	arg-microtexts-multilayer@ceb01da17d8c2a82cb713d8f16e290f42eee0eab	gold				false
micro_b041	en	91		a2	3	adu	arg-microtexts-multilayer@ceb01da17d8c2a82cb713d8f16e290f42eee0eab	gold				false
micro_b041	en	180		a2	4	internal_edu	arg-microtexts-multilayer@ceb01da17d8c2a82cb713d8f16e290f42eee0eab	gold				false
micro_b041	en	232		a3	5	adu	arg-microtexts-multilayer@ceb01da17d8c2a82cb713d8f16e290f42eee0eab	gold				false
micro_b041	en	310		a4	6	adu	arg-microtexts-multilayer@ceb01da17d8c2a82cb713d8f16e290f42eee0eab	gold				false
micro_b041	en	355		a4	7	internal_edu	arg-microtexts-multilayer@ceb01da17d8c2a82cb713d8f16e290f42eee0eab	gold				false
micro_b041	en	373		a5	8	adu	arg-microtexts-multilayer@ceb01da17d8c2a82cb713d8f16e290f42eee0eab	gold				false
micro_b041	en	445		a6	9	adu	arg-microtexts-multilayer@ceb01da17d8c2a82cb713d8f16e290f42eee0eab	gold				false
micro_b042	en	0		a1	1	document_start	arg-microtexts-multilayer@ceb01da17d8c2a82cb713d8f16e290f42eee0eab	gold				false
micro_b042	en	89		a1	2	internal_edu	arg-microtexts-multilayer@ceb01da17d8c2a82cb713d8f16e290f42eee0eab	gold				false
micro_b042	en	132		a2	3	adu	arg-microtexts-multilayer@ceb01da17d8c2a82cb713d8f16e290f42eee0eab	gold				false
micro_b042	en	223		a3	4	adu	arg-microtexts-multilayer@ceb01da17d8c2a82cb713d8f16e290f42eee0eab	gold				false
micro_b042	en	281		a3	5	internal_edu	arg-microtexts-multilayer@ceb01da17d8c2a82cb713d8f16e290f42eee0eab	gold				false
micro_b042	en	322		a4	6	adu	arg-microtexts-multilayer@ceb01da17d8c2a82cb713d8f16e290f42eee0eab	gold				false
micro_b042	en	383		a5	7	adu	arg-microtexts-multilayer@ceb01da17d8c2a82cb713d8f16e290f42eee0eab	gold				false
micro_b042	en	555		a6	8	adu	arg-microtexts-multilayer@ceb01da17d8c2a82cb713d8f16e290f42eee0eab	gold				false
micro_b042	en	640		a6	9	internal_edu	arg-microtexts-multilayer@ceb01da17d8c2a82cb713d8f16e290f42eee0eab	gold				false
micro_b044	en	0		a1	1	document_start	arg-microtexts-multilayer@ceb01da17d8c2a82cb713d8f16e290f42eee0eab	gold				false
micro_b044	en	85		a1	2	internal_edu	arg-microtexts-multilayer@ceb01da17d8c2a82cb713d8f16e290f42eee0eab	gold				false
micro_b044	en	129		a2	3	adu	arg-microtexts-multilayer@ceb01da17d8c2a82cb713d8f16e290f42eee0eab	gold				false
micro_b044	en	161		a3	4	adu	arg-microtexts-multilayer@ceb01da17d8c2a82cb713d8f16e290f42eee0eab	gold				false
micro_b044	en	221		a4	5	adu	arg-microtexts-multilayer@ceb01da17d8c2a82cb713d8f16e290f42eee0eab	gold				false
micro_b044	en	274		a5	6	adu	arg-microtexts-multilayer@ceb01da17d8c2a82cb713d8f16e290f42eee0eab	gold				false
micro_b045	en	0		a1	1	document_start	arg-microtexts-multilayer@ceb01da17d8c2a82cb713d8f16e290f42eee0eab	gold				true
micro_b045	en	55		a1	12	internal_edu	arg-microtexts-multilayer@ceb01da17d8c2a82cb713d8f16e290f42eee0eab	gold				true
micro_b045	en	106		a1	2	internal_edu	arg-microtexts-multilayer@ceb01da17d8c2a82cb713d8f16e290f42eee0eab	gold				true
micro_b045	en	139		a2	3	adu	arg-microtexts-multilayer@ceb01da17d8c2a82cb713d8f16e290f42eee0eab	gold				true
micro_b045	en	195		a3	4	adu	arg-microtexts-multilayer@ceb01da17d8c2a82cb713d8f16e290f42eee0eab	gold				true
micro_b045	en	199		a3	15	internal_edu	arg-microtexts-multilayer@ceb01da17d8c2a82cb713d8f16e290f42eee0eab	gold				true
micro_b045	en	233		a3	16	internal_edu	arg-microtexts-multilayer@ceb01da17d8c2a82cb713d8f16e290f42eee0eab	gold				true
micro_b045	en	288		a4	5	adu	arg-microtexts-multilayer@ceb01da17d8c2a82cb713d8f16e290f42eee0eab	gold				true
micro_b045	en	369		a5	6	adu	arg-microtexts-multilayer@ceb01da17d8c2a82cb713d8f16e290f42eee0eab	gold				true
micro_b046	en	0		a1	1	document_start	arg-microtexts-multilayer@ceb01da17d8c2a82cb713d8f16e290f42eee0eab	gold				false
micro_b046	en	65		a2	2	adu	arg-microtexts-multilayer@ceb01da17d8c2a82cb713d8f16e290f42eee0eab	gold				false
micro_b046	en	111		a3	3	adu	arg-microtexts-multilayer@ceb01da17d8c2a82cb713d8f16e290f42eee0eab	gold				false
micro_b046	en	200		a4	4	adu	arg-microtexts-multilayer@ceb01da17d8c2a82cb713d8f16e290f42eee0eab	gold				false
micro_b046	en	303		a5	5	adu	arg-microtexts-multilayer@ceb01da17d8c2a82cb713d8f16e290f42eee0eab	gold				false
micro_b047	en	0		a1	1	document_start	arg-microtexts-multilayer@ceb01da17d8c2a82cb713d8f16e290f42eee0eab	gold				false
micro_b047	en	53		a2	2	adu	arg-microtexts-multilayer@ceb01da17d8c2a82cb713d8f16e290f42eee0eab	gold				false
micro_b047	en	157		a3	3	adu	arg-microtexts-multilayer@ceb01da17d8c2a82cb713d8f16e290f42eee0eab	gold				false
micro_b047	en	213		a4	4	adu	arg-microtexts-multilayer@ceb01da17d8c2a82cb713d8f16e290f42eee0eab	gold				false
micro_b047	en	296		a5	5	adu	arg-microtexts-multilayer@ceb01da17d8c2a82cb713d8f16e290f42eee0eab	gold				false
micro_b048	en	0		a1	1	document_start	arg-microtexts-multilayer@ceb01da17d8c2a82cb713d8f16e290f42eee0eab	gold				false
micro_b048	en	47		a2	2	adu	arg-microtexts-multilayer@ceb01da17d8c2a82cb713d8f16e290f42eee0eab	gold				false
micro_b048	en	86		a3	3	adu	arg-microtexts-multilayer@ceb01da17d8c2a82cb713d8f16e290f42eee0eab	gold				false
micro_b048	en	155		a4	4	adu	arg-microtexts-multilayer@ceb01da17d8c2a82cb713d8f16e290f42eee0eab	gold				false
micro_b048	en	239		a5	5	adu	arg-microtexts-multilayer@ceb01da17d8c2a82cb713d8f16e290f42eee0eab	gold				false
micro_b049	en	0		a1	1	document_start	arg-microtexts-multilayer@ceb01da17d8c2a82cb713d8f16e290f42eee0eab	gold				false
micro_b049	en	111		a2	2	adu	arg-microtexts-multilayer@ceb01da17d8c2a82cb713d8f16e290f42eee0eab	gold				false
micro_b049	en	163		a3	3	adu	arg-microtexts-multilayer@ceb01da17d8c2a82cb713d8f16e290f42eee0eab	gold				false
micro_b049	en	192		a3	4	internal_edu	arg-microtexts-multilayer@ceb01da17d8c2a82cb713d8f16e290f42eee0eab	gold				false
micro_b049	en	274		a4	5	adu	arg-microtexts-multilayer@ceb01da17d8c2a82cb713d8f16e290f42eee0eab	gold				false
micro_b049	en	372		a5	6	adu	arg-microtexts-multilayer@ceb01da17d8c2a82cb713d8f16e290f42eee0eab	gold				false
micro_b050	en	0		a1	1	document_start	arg-microtexts-multilayer@ceb01da17d8c2a82cb713d8f16e290f42eee0eab	gold				false
micro_b050	en	58		a2	2	adu	arg-microtexts-multilayer@ceb01da17d8c2a82cb713d8f16e290f42eee0eab	gold				false
micro_b050	en	139		a3	3	adu	arg-microtexts-multilayer@ceb01da17d8c2a82cb713d8f16e290f42eee0eab	gold				false
micro_b050	en	194		a4	4	adu	arg-microtexts-multilayer@ceb01da17d8c2a82cb713d8f16e290f42eee0eab	gold				false
micro_b050	en	256		a5	5	adu	arg-microtexts-multilayer@ceb01da17d8c2a82cb713d8f16e290f42eee0eab	gold				false
micro_b051	en	0		a1	1	document_start	arg-microtexts-multilayer@ceb01da17d8c2a82cb713d8f16e290f42eee0eab	gold				false
micro_b051	en	92		a2	2	adu	arg-microtexts-multilayer@ceb01da17d8c2a82cb713d8f16e290f42eee0eab	gold				false
micro_b051	en	169		a3	3	adu	arg-microtexts-multilayer@ceb01da17d8c2a82cb713d8f16e290f42eee0eab	gold				false
micro_b051	en	266		a4	4	adu	arg-microtexts-multilayer@ceb01da17d8c2a82cb713d8f16e290f42eee0eab	gold				false
micro_b051	en	388		a5	5	adu	arg-microtexts-multilayer@ceb01da17d8c2a82cb713d8f16e290f42eee0eab	gold				false
micro_b051	en	476		a6	6	adu	arg-microtexts-multilayer@ceb01da17d8c2a82cb713d8f16e290f42eee0eab	gold				false
micro_b052	en	0		a1	1	document_start	arg-microtexts-multilayer@ceb01da17d8c2a82cb713d8f16e290f42eee0eab	gold				true
micro_b052	en	61		a2	3	adu	arg-microtexts-multilayer@ceb01da17d8c2a82cb713d8f16e290f42eee0eab	gold				true
micro_b052	en	134		a3	2	adu	arg-microtexts-multilayer@ceb01da17d8c2a82cb713d8f16e290f42eee0eab	gold				true
micro_b052	en	208		a4	4	adu	arg-microtexts-multilayer@ceb01da17d8c2a82cb713d8f16e290f42eee0eab	gold				true
micro_b052	en	213		a4	9	internal_edu	arg-microtexts-multilayer@ceb01da17d8c2a82cb713d8f16e290f42eee0eab	gold				true
micro_b052	en	240		a4	8	internal_edu	arg-microtexts-multilayer@ceb01da17d8c2a82cb713d8f16e290f42eee0eab	gold				true
micro_b052	en	324		a5	6	adu	arg-microtexts-multilayer@ceb01da17d8c2a82cb713d8f16e290f42eee0eab	gold				true
micro_b052	en	341		a5	10	internal_edu	arg-microtexts-multilayer@ceb01da17d8c2a82cb713d8f16e290f42eee0eab	gold				true
micro_b052	en	367		a5	11	internal_edu	arg-microtexts-multilayer@ceb01da17d8c2a82cb713d8f16e290f42eee0eab	gold				true
micro_b053	en	0		a1	1	document_start	arg-microtexts-multilayer@ceb01da17d8c2a82cb713d8f16e290f42eee0eab	gold				false
micro_b053	en	90		a2	2	adu	arg-microtexts-multilayer@ceb01da17d8c2a82cb713d8f16e290f42eee0eab	gold				false
micro_b053	en	187		a3	3	adu	arg-microtexts-multilayer@ceb01da17d8c2a82cb713d8f16e290f42eee0eab	gold				false
micro_b053	en	255		a4	4	adu	arg-microtexts-multilayer@ceb01da17d8c2a82cb713d8f16e290f42eee0eab	gold				false
micro_b053	en	347		a5	5	adu	arg-microtexts-multilayer@ceb01da17d8c2a82cb713d8f16e290f42eee0eab	gold				false
micro_b053	en	433		a6	6	adu	arg-microtexts-multilayer@ceb01da17d8c2a82cb713d8f16e290f42eee0eab	gold				false
micro_b054	en	0		a1	1	document_start	arg-microtexts-multilayer@ceb01da17d8c2a82cb713d8f16e290f42eee0eab	gold				true
micro_b054	en	55		a2	2	adu	arg-microtexts-multilayer@ceb01da17d8c2a82cb713d8f16e290f42eee0eab	gold				true
micro_b054	en	87		a2	8	internal_edu	arg-microtexts-multilayer@ceb01da17d8c2a82cb713d8f16e290f42eee0eab	gold				true
micro_b054	en	120		a2	11	internal_edu	arg-microtexts-multilayer@ceb01da17d8c2a82cb713d8f16e290f42eee0eab	gold				true
micro_b054	en	155		a2	13	internal_edu	arg-microtexts-multilayer@ceb01da17d8c2a82cb713d8f16e290f42eee0eab	gold				true
micro_b054	en	191		a3	3	adu	arg-microtexts-multilayer@ceb01da17d8c2a82cb713d8f16e290f42eee0eab	gold				true
micro_b054	en	255		a4	4	adu	arg-microtexts-multilayer@ceb01da17d8c2a82cb713d8f16e290f42eee0eab	gold				true
micro_b054	en	319		a5	5	adu	arg-microtexts-multilayer@ceb01da17d8c2a82cb713d8f16e290f42eee0eab	gold				true
micro_b054	en	476		a6	6	adu	arg-microtexts-multilayer@ceb01da17d8c2a82cb713d8f16e290f42eee0eab	gold				true
micro_b054	en	548		a6	7	internal_edu	arg-microtexts-multilayer@ceb01da17d8c2a82cb713d8f16e290f42eee0eab	gold				true
micro_b055	en	0		a1	1	document_start	arg-microtexts-multilayer@ceb01da17d8c2a82cb713d8f16e290f42eee0eab	gold				false
micro_b055	en	27		a2	12	adu	arg-microtexts-multilayer@ceb01da17d8c2a82cb713d8f16e290f42eee0eab	gold				false
micro_b055	en	133		a3	2	adu	arg-microtexts-multilayer@ceb01da17d8c2a82cb713d8f16e290f42eee0eab	gold				false
micro_b055	en	244		a4	3	adu	arg-microtexts-multilayer@ceb01da17d8c2a82cb713d8f16e290f42eee0eab	gold				false
micro_b055	en	386		a5	4	adu	arg-microtexts-multilayer@ceb01da17d8c2a82cb713d8f16e290f42eee0eab	gold				false
micro_b055	en	519		a6	6	adu	arg-microtexts-multilayer@ceb01da17d8c2a82cb713d8f16e290f42eee0eab	gold				false
micro_b056	en	0		a1	1	document_start	arg-microtexts-multilayer@ceb01da17d8c2a82cb713d8f16e290f42eee0eab	gold				false
micro_b056	en	84		a2	2	adu	arg-microtexts-multilayer@ceb01da17d8c2a82cb713d8f16e290f42eee0eab	gold				false
micro_b056	en	158		a2	3	internal_edu	arg-microtexts-multilayer@ceb01da17d8c2a82cb713d8f16e290f42eee0eab	gold				false
micro_b056	en	191		a2	4	internal_edu	arg-microtexts-multilayer@ceb01da17d8c2a82cb713d8f16e290f42eee0eab	gold				false
micro_b056	en	239		a3	5	adu	arg-microtexts-multilayer@ceb01da17d8c2a82cb713d8f16e290f42eee0eab	gold				false
micro_b056	en	351		a4	6	adu	arg-microtexts-multilayer@ceb01da17d8c2a82cb713d8f16e290f42eee0eab	gold				false
micro_b056	en	458		a5	7	adu	arg-microtexts-multilayer@ceb01da17d8c2a82cb713d8f16e290f42eee0eab	gold				false
micro_b056	en	541		a6	8	adu	arg-microtexts-multilayer@ceb01da17d8c2a82cb713d8f16e290f42eee0eab	gold				false
micro_b057	en	0		a1	1	document_start	arg-microtexts-multilayer@ceb01da17d8c2a82cb713d8f16e290f42eee0eab	gold				true
micro_b057	en	108		a2	2	adu	arg-microtexts-multilayer@ceb01da17d8c2a82cb713d8f16e290f42eee0eab	gold				true
micro_b057	en	177		a2	3	internal_edu	arg-microtexts-multilayer@ceb01da17d8c2a82cb713d8f16e290f42eee0eab	gold				true
micro_b057	en	216		a2	4	internal_edu	arg-microtexts-multilayer@ceb01da17d8c2a82cb713d8f16e290f42eee0eab	gold				true
micro_b057	en	278		a3	5	adu	arg-microtexts-multilayer@ceb01da17d8c2a82cb713d8f16e290f42eee0eab	gold				true
micro_b057	en	328		a3	6	internal_edu	arg-microtexts-multilayer@ceb01da17d8c2a82cb713d8f16e290f42eee0eab	gold				true
micro_b057	en	458		a4	7	adu	arg-microtexts-multilayer@ceb01da17d8c2a82cb713d8f16e290f42eee0eab	gold				true
micro_b057	en	474		a4	13	internal_edu	arg-microtexts-multilayer@ceb01da17d8c2a82cb713d8f16e290f42eee0eab	gold				true
micro_b057	en	512		a4	14	internal_edu	arg-microtexts-multilayer@ceb01da17d8c2a82cb713d8f16e290f42eee0eab	gold				true
micro_b058	en	0		a1	1	document_start	arg-microtexts-multilayer@ceb01da17d8c2a82cb713d8f16e290f42eee0eab	gold				true
micro_b058	en	136		a2	2	adu	arg-microtexts-multilayer@ceb01da17d8c2a82cb713d8f16e290f42eee0eab	gold				true
micro_b058	en	189		a3	3	adu	arg-microtexts-multilayer@ceb01da17d8c2a82cb713d8f16e290f42eee0eab	gold				true
micro_b058	en	255		a4	4	adu	arg-microtexts-multilayer@ceb01da17d8c2a82cb713d8f16e290f42eee0eab	gold				true
micro_b058	en	297		a4	8	internal_edu	arg-microtexts-multilayer@ceb01da17d8c2a82cb713d8f16e290f42eee0eab	gold				true
micro_b058	en	345		a4	12	internal_edu	arg-microtexts-multilayer@ceb01da17d8c2a82cb713d8f16e290f42eee0eab	gold				true
micro_b058	en	378		a4	17	internal_edu	arg-microtexts-multilayer@ceb01da17d8c2a82cb713d8f16e290f42eee0eab	gold				true
micro_b058	en	448		a5	5	adu	arg-microtexts-multilayer@ceb01da17d8c2a82cb713d8f16e290f42eee0eab	gold				true
micro_b058	en	511		a6	6	adu	arg-microtexts-multilayer@ceb01da17d8c2a82cb713d8f16e290f42eee0eab	gold				true
micro_b058	en	572		a7	7	adu	arg-microtexts-multilayer@ceb01da17d8c2a82cb713d8f16e290f42eee0eab	gold				true
micro_b059	en	0		a1	1	document_start	arg-microtexts-multilayer@ceb01da17d8c2a82cb713d8f16e290f42eee0eab	gold				false
micro_b059	en	55		a1	2	internal_edu	arg-microtexts-multilayer@ceb01da17d8c2a82cb713d8f16e290f42eee0eab	gold				false
micro_b059	en	96		a2	3	adu	arg-microtexts-multilayer@ceb01da17d8c2a82cb713d8f16e290f42eee0eab	gold				false
micro_b059	en	170		a2	4	internal_edu	arg-microtexts-multilayer@ceb01da17d8c2a82cb713d8f16e290f42eee0eab	gold				false
micro_b059	en	208		a3	5	adu	arg-microtexts-multilayer@ceb01da17d8c2a82cb713d8f16e290f42eee0eab	gold				false
micro_b059	en	310		a4	6	adu	arg-microtexts-multilayer@ceb01da17d8c2a82cb713d8f16e290f42eee0eab	gold				false
micro_b059	en	407		a5	7	adu	arg-microtexts-multilayer@ceb01da17d8c2a82cb713d8f16e290f42eee0eab	gold				false
micro_b060	en	0		a1	1	document_start	arg-microtexts-multilayer@ceb01da17d8c2a82cb713d8f16e290f42eee0eab	gold				false
micro_b060	en	97		a2	2	adu	arg-microtexts-multilayer@ceb01da17d8c2a82cb713d8f16e290f42eee0eab	gold				false
micro_b060	en	183		a3	3	adu	arg-microtexts-multilayer@ceb01da17d8c2a82cb713d8f16e290f42eee0eab	gold				false
micro_b060	en	245		a4	4	adu	arg-microtexts-multilayer@ceb01da17d8c2a82cb713d8f16e290f42eee0eab	gold				false
micro_b060	en	299		a5	6	adu	arg-microtexts-multilayer@ceb01da17d8c2a82cb713d8f16e290f42eee0eab	gold				false
micro_b061	en	0		a1	1	document_start	arg-microtexts-multilayer@ceb01da17d8c2a82cb713d8f16e290f42eee0eab	gold				false
micro_b061	en	44		a1	2	internal_edu	arg-microtexts-multilayer@ceb01da17d8c2a82cb713d8f16e290f42eee0eab	gold				false
micro_b061	en	102		a2	3	adu	arg-microtexts-multilayer@ceb01da17d8c2a82cb713d8f16e290f42eee0eab	gold				false
micro_b061	en	158		a3	4	adu	arg-microtexts-multilayer@ceb01da17d8c2a82cb713d8f16e290f42eee0eab	gold				false
micro_b062	en	0		a1	1	document_start	arg-microtexts-multilayer@ceb01da17d8c2a82cb713d8f16e290f42eee0eab	gold				false
micro_b062	en	75		a2	2	adu	arg-microtexts-multilayer@ceb01da17d8c2a82cb713d8f16e290f42eee0eab	gold				false
micro_b062	en	167		a3	3	adu	arg-microtexts-multilayer@ceb01da17d8c2a82cb713d8f16e290f42eee0eab	gold				false
micro_b062	en	247		a4	4	adu	arg-microtexts-multilayer@ceb01da17d8c2a82cb713d8f16e290f42eee0eab	gold				false
micro_b062	en	348		a5	6	adu	arg-microtexts-multilayer@ceb01da17d8c2a82cb713d8f16e290f42eee0eab	gold				false
micro_b062	en	403		a5	5	internal_edu	arg-microtexts-multilayer@ceb01da17d8c2a82cb713d8f16e290f42eee0eab	gold				false
micro_b062	en	453		a6	7	adu	arg-microtexts-multilayer@ceb01da17d8c2a82cb713d8f16e290f42eee0eab	gold				false
micro_b064	en	0		a1	1	document_start	arg-microtexts-multilayer@ceb01da17d8c2a82cb713d8f16e290f42eee0eab	gold				false
micro_b064	en	120		a2	2	adu	arg-microtexts-multilayer@ceb01da17d8c2a82cb713d8f16e290f42eee0eab	gold				false
micro_b064	en	179		a3	3	adu	arg-microtexts-multilayer@ceb01da17d8c2a82cb713d8f16e290f42eee0eab	gold				false
micro_b064	en	268		a4	4	adu	arg-microtexts-multilayer@ceb01da17d8c2a82cb713d8f16e290f42eee0eab	gold				false
micro_b064	en	361		a5	5	adu	arg-microtexts-multilayer@ceb01da17d8c2a82cb713d8f16e290f42eee0eab	gold				false
micro_b064	en	457		a6	6	adu	arg-microtexts-multilayer@ceb01da17d8c2a82cb713d8f16e290f42eee0eab	gold				false
micro_b064	en	506		a6	7	internal_edu	arg-microtexts-multilayer@ceb01da17d8c2a82cb713d8f16e290f42eee0eab	gold				false
micro_d01	en	0		a1	1	document_start	arg-microtexts-multilayer@ceb01da17d8c2a82cb713d8f16e290f42eee0eab	gold				false
micro_d01	en	31		a2	2	adu	arg-microtexts-multilayer@ceb01da17d8c2a82cb713d8f16e290f42eee0eab	gold				false
micro_d01	en	85		a3	3	adu	arg-microtexts-multilayer@ceb01da17d8c2a82cb713d8f16e290f42eee0eab	gold				false
micro_d01	en	122		a4	4	adu	arg-microtexts-multilayer@ceb01da17d8c2a82cb713d8f16e290f42eee0eab	gold				false
micro_d01	en	174		a5	5	adu	arg-microtexts-multilayer@ceb01da17d8c2a82cb713d8f16e290f42eee0eab	gold				false
micro_d02	en	0		a1	1	document_start	arg-microtexts-multilayer@ceb01da17d8c2a82cb713d8f16e290f42eee0eab	gold				false
micro_d02	en	65		a2	2	adu	arg-microtexts-multilayer@ceb01da17d8c2a82cb713d8f16e290f42eee0eab	gold				false
micro_d02	en	136		a3	3	adu	arg-microtexts-multilayer@ceb01da17d8c2a82cb713d8f16e290f42eee0eab	gold				false
micro_d02	en	153		a3	4	internal_edu	arg-microtexts-multilayer@ceb01da17d8c2a82cb713d8f16e290f42eee0eab	gold				false
micro_d02	en	216		a4	5	adu	arg-microtexts-multilayer@ceb01da17d8c2a82cb713d8f16e290f42eee0eab	gold				false
micro_d02	en	262		a5	6	adu	arg-microtexts-multilayer@ceb01da17d8c2a82cb713d8f16e290f42eee0eab	gold				false
micro_d03	en	0		a1	1	document_start	arg-microtexts-multilayer@ceb01da17d8c2a82cb713d8f16e290f42eee0eab	gold				false
micro_d03	en	62		a2	2	adu	arg-microtexts-multilayer@ceb01da17d8c2a82cb713d8f16e290f42eee0eab	gold				false
micro_d03	en	116		a3	4	adu	arg-microtexts-multilayer@ceb01da17d8c2a82cb713d8f16e290f42eee0eab	gold				false
micro_d03	en	158		a4	5	adu	arg-microtexts-multilayer@ceb01da17d8c2a82cb713d8f16e290f42eee0eab	gold				false
micro_d03	en	204		a5	6	adu	arg-microtexts-multilayer@ceb01da17d8c2a82cb713d8f16e290f42eee0eab	gold				false
micro_d04	en	0		a1	1	document_start	arg-microtexts-multilayer@ceb01da17d8c2a82cb713d8f16e290f42eee0eab	gold				false
micro_d04	en	85		a2	2	adu	arg-microtexts-multilayer@ceb01da17d8c2a82cb713d8f16e290f42eee0eab	gold				false
micro_d04	en	172		a3	3	adu	arg-microtexts-multilayer@ceb01da17d8c2a82cb713d8f16e290f42eee0eab	gold				false
micro_d04	en	240		a4	4	adu	arg-microtexts-multilayer@ceb01da17d8c2a82cb713d8f16e290f42eee0eab	gold				false
micro_d04	en	293		a5	5	adu	arg-microtexts-multilayer@ceb01da17d8c2a82cb713d8f16e290f42eee0eab	gold				false
micro_d04	en	350		a5	6	internal_edu	arg-microtexts-multilayer@ceb01da17d8c2a82cb713d8f16e290f42eee0eab	gold				false
micro_d05	en	0		a1	1	document_start	arg-microtexts-multilayer@ceb01da17d8c2a82cb713d8f16e290f42eee0eab	gold				false
micro_d05	en	41		a2	2	adu	arg-microtexts-multilayer@ceb01da17d8c2a82cb713d8f16e290f42eee0eab	gold				false
micro_d05	en	117		a3	3	adu	arg-microtexts-multilayer@ceb01da17d8c2a82cb713d8f16e290f42eee0eab	gold				false
micro_d05	en	190		a4	4	adu	arg-microtexts-multilayer@ceb01da17d8c2a82cb713d8f16e290f42eee0eab	gold				false
micro_d05	en	262		a5	5	adu	arg-microtexts-multilayer@ceb01da17d8c2a82cb713d8f16e290f42eee0eab	gold				false
micro_d06	en	0		a1	1	document_start	arg-microtexts-multilayer@ceb01da17d8c2a82cb713d8f16e290f42eee0eab	gold				false
micro_d06	en	54		a2	2	adu	arg-microtexts-multilayer@ceb01da17d8c2a82cb713d8f16e290f42eee0eab	gold				false
micro_d06	en	91		a3	3	adu	arg-microtexts-multilayer@ceb01da17d8c2a82cb713d8f16e290f42eee0eab	gold				false
micro_d06	en	142		a4	4	adu	arg-microtexts-multilayer@ceb01da17d8c2a82cb713d8f16e290f42eee0eab	gold				false
micro_d06	en	189		a5	5	adu	arg-microtexts-multilayer@ceb01da17d8c2a82cb713d8f16e290f42eee0eab	gold				false
micro_d07	en	0		a1	1	document_start	arg-microtexts-multilayer@ceb01da17d8c2a82cb713d8f16e290f42eee0eab	gold				true
micro_d07	en	57		a2	2	adu	arg-microtexts-multilayer@ceb01da17d8c2a82cb713d8f16e290f42eee0eab	gold				true
micro_d07	en	125		a3	6	adu	arg-microtexts-multilayer@ceb01da17d8c2a82cb713d8f16e290f42eee0eab	gold				true
micro_d07	en	166		a4	7	adu	arg-microtexts-multilayer@ceb01da17d8c2a82cb713d8f16e290f42eee0eab	gold				true
micro_d07	en	219		a5	3	adu	arg-microtexts-multilayer@ceb01da17d8c2a82cb713d8f16e290f42eee0eab	gold				true
micro_d08	en	0		a1	1	document_start	arg-microtexts-multilayer@ceb01da17d8c2a82cb713d8f16e290f42eee0eab	gold				false
micro_d08	en	57		a2	2	adu	arg-microtexts-multilayer@ceb01da17d8c2a82cb713d8f16e290f42eee0eab	gold				false
micro_d08	en	120		a3	3	adu	arg-microtexts-multilayer@ceb01da17d8c2a82cb713d8f16e290f42eee0eab	gold				false
micro_d08	en	169		a4	4	adu	arg-microtexts-multilayer@ceb01da17d8c2a82cb713d8f16e290f42eee0eab	gold				false
micro_d08	en	237		a5	5	adu	arg-microtexts-multilayer@ceb01da17d8c2a82cb713d8f16e290f42eee0eab	gold				false
micro_d09	en	0		a1	1	document_start	arg-microtexts-multilayer@ceb01da17d8c2a82cb713d8f16e290f42eee0eab	gold				false
micro_d09	en	34		a2	2	adu	arg-microtexts-multilayer@ceb01da17d8c2a82cb713d8f16e290f42eee0eab	gold				false
micro_d09	en	83		a3	8	adu	arg-microtexts-multilayer@ceb01da17d8c2a82cb713d8f16e290f42eee0eab	gold				false
micro_d09	en	102		a4	3	adu	arg-microtexts-multilayer@ceb01da17d8c2a82cb713d8f16e290f42eee0eab	gold				false
micro_d09	en	159		a5	4	adu	arg-microtexts-multilayer@ceb01da17d8c2a82cb713d8f16e290f42eee0eab	gold				false
micro_d10	en	0		a1	1	document_start	arg-microtexts-multilayer@ceb01da17d8c2a82cb713d8f16e290f42eee0eab	gold				false
micro_d10	en	80		a2	2	adu	arg-microtexts-multilayer@ceb01da17d8c2a82cb713d8f16e290f42eee0eab	gold				false
micro_d10	en	122		a3	3	adu	arg-microtexts-multilayer@ceb01da17d8c2a82cb713d8f16e290f42eee0eab	gold				false
micro_d10	en	170		a4	4	adu	arg-microtexts-multilayer@ceb01da17d8c2a82cb713d8f16e290f42eee0eab	gold				false
micro_d10	en	246		a5	5	adu	arg-microtexts-multilayer@ceb01da17d8c2a82cb713d8f16e290f42eee0eab	gold				false
micro_d11	en	0		a1	1	document_start	arg-microtexts-multilayer@ceb01da17d8c2a82cb713d8f16e290f42eee0eab	gold				false
micro_d11	en	47		a2	2	adu	arg-microtexts-multilayer@ceb01da17d8c2a82cb713d8f16e290f42eee0eab	gold				false
micro_d11	en	111		a3	3	adu	arg-microtexts-multilayer@ceb01da17d8c2a82cb713d8f16e290f42eee0eab	gold				false
micro_d11	en	149		a4	4	adu	arg-microtexts-multilayer@ceb01da17d8c2a82cb713d8f16e290f42eee0eab	gold				false
micro_d11	en	206		a5	5	adu	arg-microtexts-multilayer@ceb01da17d8c2a82cb713d8f16e290f42eee0eab	gold				false
micro_d12	en	0		a1	1	document_start	arg-microtexts-multilayer@ceb01da17d8c2a82cb713d8f16e290f42eee0eab	gold				false
micro_d12	en	61		a2	2	adu	arg-microtexts-multilayer@ceb01da17d8c2a82cb713d8f16e290f42eee0eab	gold				false
micro_d12	en	99		a3	3	adu	arg-microtexts-multilayer@ceb01da17d8c2a82cb713d8f16e290f42eee0eab	gold				false
micro_d12	en	134		a4	8	adu	arg-microtexts-multilayer@ceb01da17d8c2a82cb713d8f16e290f42eee0eab	gold				false
micro_d12	en	183		a5	4	adu	arg-microtexts-multilayer@ceb01da17d8c2a82cb713d8f16e290f42eee0eab	gold				false
micro_d13	en	0		a1	1	document_start	arg-microtexts-multilayer@ceb01da17d8c2a82cb713d8f16e290f42eee0eab	gold				false
micro_d13	en	55		a1	2	internal_edu	arg-microtexts-multilayer@ceb01da17d8c2a82cb713d8f16e290f42eee0eab	gold				false
micro_d13	en	115		a2	3	adu	arg-microtexts-multilayer@ceb01da17d8c2a82cb713d8f16e290f42eee0eab	gold				false
micro_d13	en	161		a2	4	internal_edu	arg-microtexts-multilayer@ceb01da17d8c2a82cb713d8f16e290f42eee0eab	gold				false
micro_d13	en	192		a3	5	adu	arg-microtexts-multilayer@ceb01da17d8c2a82cb713d8f16e290f42eee0eab	gold				false
micro_d13	en	245		a4	6	adu	arg-microtexts-multilayer@ceb01da17d8c2a82cb713d8f16e290f42eee0eab	gold				false
micro_d13	en	297		a5	7	adu	arg-microtexts-multilayer@ceb01da17d8c2a82cb713d8f16e290f42eee0eab	gold				false
micro_d14	en	0		a1	1	document_start	arg-microtexts-multilayer@ceb01da17d8c2a82cb713d8f16e290f42eee0eab	gold				true
micro_d14	en	53		a2	2	adu	arg-microtexts-multilayer@ceb01da17d8c2a82cb713d8f16e290f42eee0eab	gold				true
micro_d14	en	110		a3	3	adu	arg-microtexts-multilayer@ceb01da17d8c2a82cb713d8f16e290f42eee0eab	gold				true
micro_d14	en	152		a4	4	adu	arg-microtexts-multilayer@ceb01da17d8c2a82cb713d8f16e290f42eee0eab	gold				true
micro_d14	en	202		a5	5	adu	arg-microtexts-multilayer@ceb01da17d8c2a82cb713d8f16e290f42eee0eab	gold				true
micro_d14	en	213		a5	7	internal_edu	arg-microtexts-multilayer@ceb01da17d8c2a82cb713d8f16e290f42eee0eab	gold				true
micro_d14	en	250		a5	6	internal_edu	arg-microtexts-multilayer@ceb01da17d8c2a82cb713d8f16e290f42eee0eab	gold				true
micro_d15	en	0		a1	1	document_start	arg-microtexts-multilayer@ceb01da17d8c2a82cb713d8f16e290f42eee0eab	gold				false
micro_d15	en	97		a2	2	adu	arg-microtexts-multilayer@ceb01da17d8c2a82cb713d8f16e290f42eee0eab	gold				false
micro_d15	en	171		a3	3	adu	arg-microtexts-multilayer@ceb01da17d8c2a82cb713d8f16e290f42eee0eab	gold				false
micro_d15	en	233		a4	4	adu	arg-microtexts-multilayer@ceb01da17d8c2a82cb713d8f16e290f42eee0eab	gold				false
micro_d15	en	297		a5	5	adu	arg-microtexts-multilayer@ceb01da17d8c2a82cb713d8f16e290f42eee0eab	gold				false
micro_d16	en	0		a1	1	document_start	arg-microtexts-multilayer@ceb01da17d8c2a82cb713d8f16e290f42eee0eab	gold				false
micro_d16	en	39		a2	2	adu	arg-microtexts-multilayer@ceb01da17d8c2a82cb713d8f16e290f42eee0eab	gold				false
micro_d16	en	147		a3	3	adu	arg-microtexts-multilayer@ceb01da17d8c2a82cb713d8f16e290f42eee0eab	gold				false
micro_d16	en	254		a4	4	adu	arg-microtexts-multilayer@ceb01da17d8c2a82cb713d8f16e290f42eee0eab	gold				false
micro_d16	en	289		a5	6	adu	arg-microtexts-multilayer@ceb01da17d8c2a82cb713d8f16e290f42eee0eab	gold				false
micro_d17	en	0		a1	1	document_start	arg-microtexts-multilayer@ceb01da17d8c2a82cb713d8f16e290f42eee0eab	gold				false
micro_d17	en	44		a2	2	adu	arg-microtexts-multilayer@ceb01da17d8c2a82cb713d8f16e290f42eee0eab	gold				false
micro_d17	en	114		a3	3	adu	arg-microtexts-multilayer@ceb01da17d8c2a82cb713d8f16e290f42eee0eab	gold				false
micro_d17	en	175		a4	4	adu	arg-microtexts-multilayer@ceb01da17d8c2a82cb713d8f16e290f42eee0eab	gold				false
micro_d17	en	251		a5	5	adu	arg-microtexts-multilayer@ceb01da17d8c2a82cb713d8f16e290f42eee0eab	gold				false
micro_d18	en	0		a1	1	document_start	arg-microtexts-multilayer@ceb01da17d8c2a82cb713d8f16e290f42eee0eab	gold				false
micro_d18	en	52		a2	2	adu	arg-microtexts-multilayer@ceb01da17d8c2a82cb713d8f16e290f42eee0eab	gold				false
micro_d18	en	114		a3	3	adu	arg-microtexts-multilayer@ceb01da17d8c2a82cb713d8f16e290f42eee0eab	gold				false
micro_d18	en	191		a4	4	adu	arg-microtexts-multilayer@ceb01da17d8c2a82cb713d8f16e290f42eee0eab	gold				false
micro_d18	en	250		a5	5	adu	arg-microtexts-multilayer@ceb01da17d8c2a82cb713d8f16e290f42eee0eab	gold				false
micro_d19	en	0		a1	1	document_start	arg-microtexts-multilayer@ceb01da17d8c2a82cb713d8f16e290f42eee0eab	gold				false
micro_d19	en	37		a2	2	adu	arg-microtexts-multilayer@ceb01da17d8c2a82cb713d8f16e290f42eee0eab	gold				false
micro_d19	en	148		a3	3	adu	arg-microtexts-multilayer@ceb01da17d8c2a82cb713d8f16e290f42eee0eab	gold				false
micro_d19	en	208		a4	4	adu	arg-microtexts-multilayer@ceb01da17d8c2a82cb713d8f16e290f42eee0eab	gold				false
micro_d19	en	332		a5	5	adu	arg-microtexts-multilayer@ceb01da17d8c2a82cb713d8f16e290f42eee0eab	gold				false
micro_d20	en	0		a1	1	document_start	arg-microtexts-multilayer@ceb01da17d8c2a82cb713d8f16e290f42eee0eab	gold				false
micro_d20	en	62		a2	2	adu	arg-microtexts-multilayer@ceb01da17d8c2a82cb713d8f16e290f42eee0eab	gold				false
micro_d20	en	116		a3	3	adu	arg-microtexts-multilayer@ceb01da17d8c2a82cb713d8f16e290f42eee0eab	gold				false
micro_d20	en	157		a4	4	adu	arg-microtexts-multilayer@ceb01da17d8c2a82cb713d8f16e290f42eee0eab	gold				false
micro_d20	en	219		a5	5	adu	arg-microtexts-multilayer@ceb01da17d8c2a82cb713d8f16e290f42eee0eab	gold				false
micro_d21	en	0		a1	1	document_start	arg-microtexts-multilayer@ceb01da17d8c2a82cb713d8f16e290f42eee0eab	gold				false
micro_d21	en	66		a2	2	adu	arg-microtexts-multilayer@ceb01da17d8c2a82cb713d8f16e290f42eee0eab	gold				false
micro_d21	en	154		a3	3	adu	arg-microtexts-multilayer@ceb01da17d8c2a82cb713d8f16e290f42eee0eab	gold				false
micro_d21	en	202		a4	4	adu	arg-microtexts-multilayer@ceb01da17d8c2a82cb713d8f16e290f42eee0eab	gold				false
micro_d21	en	230		a5	5	adu	arg-microtexts-multilayer@ceb01da17d8c2a82cb713d8f16e290f42eee0eab	gold				false
micro_d22	en	0		a1	1	document_start	arg-microtexts-multilayer@ceb01da17d8c2a82cb713d8f16e290f42eee0eab	gold				false
micro_d22	en	87		a2	2	adu	arg-microtexts-multilayer@ceb01da17d8c2a82cb713d8f16e290f42eee0eab	gold				false
micro_d22	en	178		a3	3	adu	arg-microtexts-multilayer@ceb01da17d8c2a82cb713d8f16e290f42eee0eab	gold				false
micro_d22	en	277		a4	4	adu	arg-microtexts-multilayer@ceb01da17d8c2a82cb713d8f16e290f42eee0eab	gold				false
micro_d22	en	355		a5	5	adu	arg-microtexts-multilayer@ceb01da17d8c2a82cb713d8f16e290f42eee0eab	gold				false
micro_d23	en	0		a1	1	document_start	arg-microtexts-multilayer@ceb01da17d8c2a82cb713d8f16e290f42eee0eab	gold				false
micro_d23	en	55		a2	2	adu	arg-microtexts-multilayer@ceb01da17d8c2a82cb713d8f16e290f42eee0eab	gold				false
micro_d23	en	93		a3	3	adu	arg-microtexts-multilayer@ceb01da17d8c2a82cb713d8f16e290f42eee0eab	gold				false
micro_d23	en	190		a4	4	adu	arg-microtexts-multilayer@ceb01da17d8c2a82cb713d8f16e290f42eee0eab	gold				false
micro_d23	en	258		a5	5	adu	arg-microtexts-multilayer@ceb01da17d8c2a82cb713d8f16e290f42eee0eab	gold				false
micro_k001	en	0		a1	1	document_start	arg-microtexts-multilayer@ceb01da17d8c2a82cb713d8f16e290f42eee0eab	gold				false
micro_k001	en	62		a2	2	adu	arg-microtexts-multilayer@ceb01da17d8c2a82cb713d8f16e290f42eee0eab	gold				false
micro_k001	en	166		a3	3	adu	arg-microtexts-multilayer@ceb01da17d8c2a82cb713d8f16e290f42eee0eab	gold				false
micro_k001	en	205		a4	4	adu	arg-microtexts-multilayer@ceb01da17d8c2a82cb713d8f16e290f42eee0eab	gold				false
micro_k001	en	270		a5	5	adu	arg-microtexts-multilayer@ceb01da17d8c2a82cb713d8f16e290f42eee0eab	gold				false
micro_k001	en	338		a6	6	adu	arg-microtexts-multilayer@ceb01da17d8c2a82cb713d8f16e290f42eee0eab	gold				false
micro_k001	en	418		a6	7	internal_edu	arg-microtexts-multilayer@ceb01da17d8c2a82cb713d8f16e290f42eee0eab	gold				false
micro_k002	en	0		a1	1	document_start	arg-microtexts-multilayer@ceb01da17d8c2a82cb713d8f16e290f42eee0eab	gold				false
micro_k002	en	80		a2	2	adu	arg-microtexts-multilayer@ceb01da17d8c2a82cb713d8f16e290f42eee0eab	gold				false
micro_k002	en	162		a2	3	internal_edu	arg-microtexts-multilayer@ceb01da17d8c2a82cb713d8f16e290f42eee0eab	gold				false
micro_k002	en	213		a3	4	adu	arg-microtexts-multilayer@ceb01da17d8c2a82cb713d8f16e290f42eee0eab	gold				false
micro_k002	en	265		a4	5	adu	arg-microtexts-multilayer@ceb01da17d8c2a82cb713d8f16e290f42eee0eab	gold				false
micro_k002	en	339		a5	6	adu	arg-microtexts-multilayer@ceb01da17d8c2a82cb713d8f16e290f42eee0eab	gold				false
micro_k003	en	0		a1	1	document_start	arg-microtexts-multilayer@ceb01da17d8c2a82cb713d8f16e290f42eee0eab	gold				false
micro_k003	en	88		a2	2	adu	arg-microtexts-multilayer@ceb01da17d8c2a82cb713d8f16e290f42eee0eab	gold				false
micro_k003	en	215		a3	3	adu	arg-microtexts-multilayer@ceb01da17d8c2a82cb713d8f16e290f42eee0eab	gold				false
micro_k003	en	306		a4	4	adu	arg-microtexts-multilayer@ceb01da17d8c2a82cb713d8f16e290f42eee0eab	gold				false
micro_k003	en	430		a5	6	adu	arg-microtexts-multilayer@ceb01da17d8c2a82cb713d8f16e290f42eee0eab	gold				false
micro_k004	en	0		a1	1	document_start	arg-microtexts-multilayer@ceb01da17d8c2a82cb713d8f16e290f42eee0eab	gold				false
micro_k004	en	89		a2	2	adu	arg-microtexts-multilayer@ceb01da17d8c2a82cb713d8f16e290f42eee0eab	gold				false
micro_k004	en	166		a3	3	adu	arg-microtexts-multilayer@ceb01da17d8c2a82cb713d8f16e290f42eee0eab	gold				false
micro_k004	en	296		a4	5	adu	arg-microtexts-multilayer@ceb01da17d8c2a82cb713d8f16e290f42eee0eab	gold				false
micro_k004	en	345		a4	4	internal_edu	arg-microtexts-multilayer@ceb01da17d8c2a82cb713d8f16e290f42eee0eab	gold				false
micro_k004	en	405		a5	6	adu	arg-microtexts-multilayer@ceb01da17d8c2a82cb713d8f16e290f42eee0eab	gold				false
micro_k004	en	515		a5	7	internal_edu	arg-microtexts-multilayer@ceb01da17d8c2a82cb713d8f16e290f42eee0eab	gold				false
micro_k006	en	0		a1	1	document_start	arg-microtexts-multilayer@ceb01da17d8c2a82cb713d8f16e290f42eee0eab	gold				false
micro_k006	en	48		a1	2	internal_edu	arg-microtexts-multilayer@ceb01da17d8c2a82cb713d8f16e290f42eee0eab	gold				false
micro_k006	en	86		a1	3	internal_edu	arg-microtexts-multilayer@ceb01da17d8c2a82cb713d8f16e290f42eee0eab	gold				false
micro_k006	en	109		a1	4	internal_edu	arg-microtexts-multilayer@ceb01da17d8c2a82cb713d8f16e290f42eee0eab	gold				false
micro_k006	en	134		a2	8	adu	arg-microtexts-multilayer@ceb01da17d8c2a82cb713d8f16e290f42eee0eab	gold				false
micro_k006	en	262		a3	5	adu	arg-microtexts-multilayer@ceb01da17d8c2a82cb713d8f16e290f42eee0eab	gold				false
micro_k006	en	308		a4	6	adu	arg-microtexts-multilayer@ceb01da17d8c2a82cb713d8f16e290f42eee0eab	gold				false
micro_k006	en	353		a5	7	adu	arg-microtexts-multilayer@ceb01da17d8c2a82cb713d8f16e290f42eee0eab	gold				false
micro_k007	en	0		a1	1	document_start	arg-microtexts-multilayer@ceb01da17d8c2a82cb713d8f16e290f42eee0eab	gold				false
micro_k007	en	106		a2	2	adu	arg-microtexts-multilayer@ceb01da17d8c2a82cb713d8f16e290f42eee0eab	gold				false
micro_k007	en	189		a3	3	adu	arg-microtexts-multilayer@ceb01da17d8c2a82cb713d8f16e290f42eee0eab	gold				false
micro_k007	en	240		a4	4	adu	arg-microtexts-multilayer@ceb01da17d8c2a82cb713d8f16e290f42eee0eab	gold				false
micro_k007	en	287		a5	5	adu	arg-microtexts-multilayer@ceb01da17d8c2a82cb713d8f16e290f42eee0eab	gold				false
micro_k008	en	0		a1	1	document_start	arg-microtexts-multilayer@ceb01da17d8c2a82cb713d8f16e290f42eee0eab	gold				false
micro_k008	en	62		a1	2	internal_edu	arg-microtexts-multilayer@ceb01da17d8c2a82cb713d8f16e290f42eee0eab	gold				false
micro_k008	en	103		a2	3	adu	arg-microtexts-multilayer@ceb01da17d8c2a82cb713d8f16e290f42eee0eab	gold				false
micro_k008	en	160		a3	4	adu	arg-microtexts-multilayer@ceb01da17d8c2a82cb713d8f16e290f42eee0eab	gold				false
micro_k008	en	240		a4	5	adu	arg-microtexts-multilayer@ceb01da17d8c2a82cb713d8f16e290f42eee0eab	gold				false
micro_k009	en	0		a1	1	document_start	arg-microtexts-multilayer@ceb01da17d8c2a82cb713d8f16e290f42eee0eab	gold				false
micro_k009	en	57		a2	2	adu	arg-microtexts-multilayer@ceb01da17d8c2a82cb713d8f16e290f42eee0eab	gold				false
micro_k009	en	91		a2	3	internal_edu	arg-microtexts-multilayer@ceb01da17d8c2a82cb713d8f16e290f42eee0eab	gold				false
micro_k009	en	184		a3	4	adu	arg-microtexts-multilayer@ceb01da17d8c2a82cb713d8f16e290f42eee0eab	gold				false
micro_k009	en	219		a3	5	internal_edu	arg-microtexts-multilayer@ceb01da17d8c2a82cb713d8f16e290f42eee0eab	gold				false
micro_k009	en	280		a4	6	adu	arg-microtexts-multilayer@ceb01da17d8c2a82cb713d8f16e290f42eee0eab	gold				false
micro_k009	en	387		a4	7	internal_edu	arg-microtexts-multilayer@ceb01da17d8c2a82cb713d8f16e290f42eee0eab	gold				false
micro_k009	en	428		a5	8	adu	arg-microtexts-multilayer@ceb01da17d8c2a82cb713d8f16e290f42eee0eab	gold				false
micro_k009	en	480		a6	9	adu	arg-microtexts-multilayer@ceb01da17d8c2a82cb713d8f16e290f42eee0eab	gold				false
micro_k010	en	0		a1	1	document_start	arg-microtexts-multilayer@ceb01da17d8c2a82cb713d8f16e290f42eee0eab	gold				false
micro_k010	en	45		a1	15	internal_edu	arg-microtexts-multilayer@ceb01da17d8c2a82cb713d8f16e290f42eee0eab	gold				false
micro_k010	en	146		a2	2	adu	arg-microtexts-multilayer@ceb01da17d8c2a82cb713d8f16e290f42eee0eab	gold				false
micro_k010	en	222		a2	3	internal_edu	arg-microtexts-multilayer@ceb01da17d8c2a82cb713d8f16e290f42eee0eab	gold				false
micro_k010	en	264		a3	4	adu	arg-microtexts-multilayer@ceb01da17d8c2a82cb713d8f16e290f42eee0eab	gold				false
micro_k010	en	309		a4	16	adu	arg-microtexts-multilayer@ceb01da17d8c2a82cb713d8f16e290f42eee0eab	gold				false
micro_k010	en	392		a5	5	adu	arg-microtexts-multilayer@ceb01da17d8c2a82cb713d8f16e290f42eee0eab	gold				false
micro_k010	en	470		a5	6	internal_edu	arg-microtexts-multilayer@ceb01da17d8c2a82cb713d8f16e290f42eee0eab	gold				false
micro_k010	en	528		a6	7	adu	arg-microtexts-multilayer@ceb01da17d8c2a82cb713d8f16e290f42eee0eab	gold				false
micro_k010	en	563		a6	8	internal_edu	arg-microtexts-multilayer@ceb01da17d8c2a82cb713d8f16e290f42eee0eab	gold				false
micro_k011	en	0		a1	1	document_start	arg-microtexts-multilayer@ceb01da17d8c2a82cb713d8f16e290f42eee0eab	gold				false
micro_k011	en	51		a1	2	internal_edu	arg-microtexts-multilayer@ceb01da17d8c2a82cb713d8f16e290f42eee0eab	gold				false
micro_k011	en	80		a2	3	adu	arg-microtexts-multilayer@ceb01da17d8c2a82cb713d8f16e290f42eee0eab	gold				false
micro_k011	en	106		a2	4	internal_edu	arg-microtexts-multilayer@ceb01da17d8c2a82cb713d8f16e290f42eee0eab	gold				false
micro_k011	en	151		a3	5	adu	arg-microtexts-multilayer@ceb01da17d8c2a82cb713d8f16e290f42eee0eab	gold				false
micro_k011	en	246		a4	6	adu	arg-microtexts-multilayer@ceb01da17d8c2a82cb713d8f16e290f42eee0eab	gold				false
micro_k011	en	279		a4	7	internal_edu	arg-microtexts-multilayer@ceb01da17d8c2a82cb713d8f16e290f42eee0eab	gold				false
micro_k011	en	332		a5	8	adu	arg-microtexts-multilayer@ceb01da17d8c2a82cb713d8f16e290f42eee0eab	gold				false
micro_k011	en	358		a6	9	adu	arg-microtexts-multilayer@ceb01da17d8c2a82cb713d8f16e290f42eee0eab	gold				false
micro_k011	en	414		a7	10	adu	arg-microtexts-multilayer@ceb01da17d8c2a82cb713d8f16e290f42eee0eab	gold				false
micro_k011	en	436		a8	18	adu	arg-microtexts-multilayer@ceb01da17d8c2a82cb713d8f16e290f42eee0eab	gold				false
micro_k011	en	482		a9	11	adu	arg-microtexts-multilayer@ceb01da17d8c2a82cb713d8f16e290f42eee0eab	gold				false
micro_k011	en	588		a10	12	adu	arg-microtexts-multilayer@ceb01da17d8c2a82cb713d8f16e290f42eee0eab	gold				false
micro_k012	en	0		a1	1	document_start	arg-microtexts-multilayer@ceb01da17d8c2a82cb713d8f16e290f42eee0eab	gold				false
micro_k012	en	62		a2	2	adu	arg-microtexts-multilayer@ceb01da17d8c2a82cb713d8f16e290f42eee0eab	gold				false
micro_k012	en	254		a3	3	adu	arg-microtexts-multilayer@ceb01da17d8c2a82cb713d8f16e290f42eee0eab	gold				false
micro_k012	en	338		a3	4	internal_edu	arg-microtexts-multilayer@ceb01da17d8c2a82cb713d8f16e290f42eee0eab	gold				false
micro_k012	en	390		a4	5	adu	arg-microtexts-multilayer@ceb01da17d8c2a82cb713d8f16e290f42eee0eab	gold				false
micro_k012	en	487		a5	6	adu	arg-microtexts-multilayer@ceb01da17d8c2a82cb713d8f16e290f42eee0eab	gold				false
micro_k012	en	546		a5	7	internal_edu	arg-microtexts-multilayer@ceb01da17d8c2a82cb713d8f16e290f42eee0eab	gold				false
micro_k013	en	0		a1	1	document_start	arg-microtexts-multilayer@ceb01da17d8c2a82cb713d8f16e290f42eee0eab	gold				false
micro_k013	en	104		a2	2	adu	arg-microtexts-multilayer@ceb01da17d8c2a82cb713d8f16e290f42eee0eab	gold				false
micro_k013	en	158		a2	3	internal_edu	arg-microtexts-multilayer@ceb01da17d8c2a82cb713d8f16e290f42eee0eab	gold				false
micro_k013	en	275		a3	5	adu	arg-microtexts-multilayer@ceb01da17d8c2a82cb713d8f16e290f42eee0eab	gold				false
micro_k013	en	348		a4	6	adu	arg-microtexts-multilayer@ceb01da17d8c2a82cb713d8f16e290f42eee0eab	gold				false
micro_k013	en	428		a4	7	internal_edu	arg-microtexts-multilayer@ceb01da17d8c2a82cb713d8f16e290f42eee0eab	gold				false
micro_k013	en	461		a4	8	internal_edu	arg-microtexts-multilayer@ceb01da17d8c2a82cb713d8f16e290f42eee0eab	gold				false
micro_k013	en	477		a5	9	adu	arg-microtexts-multilayer@ceb01da17d8c2a82cb713d8f16e290f42eee0eab	gold				false
micro_k014	en	0		a1	1	document_start	arg-microtexts-multilayer@ceb01da17d8c2a82cb713d8f16e290f42eee0eab	gold				true
micro_k014	en	70		a2	2	adu	arg-microtexts-multilayer@ceb01da17d8c2a82cb713d8f16e290f42eee0eab	gold				true
micro_k014	en	75		a2	10	internal_edu	arg-microtexts-multilayer@ceb01da17d8c2a82cb713d8f16e290f42eee0eab	gold				true
micro_k014	en	129		a2	11	internal_edu	arg-microtexts-multilayer@ceb01da17d8c2a82cb713d8f16e290f42eee0eab	gold				true
micro_k014	en	250		a3	3	adu	arg-microtexts-multilayer@ceb01da17d8c2a82cb713d8f16e290f42eee0eab	gold				true
micro_k014	en	354		a4	4	adu	arg-microtexts-multilayer@ceb01da17d8c2a82cb713d8f16e290f42eee0eab	gold				true
micro_k014	en	498		a5	5	adu	arg-microtexts-multilayer@ceb01da17d8c2a82cb713d8f16e290f42eee0eab	gold				true
micro_k015	en	0		a1	1	document_start	arg-microtexts-multilayer@ceb01da17d8c2a82cb713d8f16e290f42eee0eab	gold				false
micro_k015	en	46		a2	2	adu	arg-microtexts-multilayer@ceb01da17d8c2a82cb713d8f16e290f42eee0eab	gold				false
micro_k015	en	131		a3	3	adu	arg-microtexts-multilayer@ceb01da17d8c2a82cb713d8f16e290f42eee0eab	gold				false
micro_k015	en	189		a4	4	adu	arg-microtexts-multilayer@ceb01da17d8c2a82cb713d8f16e290f42eee0eab	gold				false
micro_k016	en	0		a1	1	document_start	arg-microtexts-multilayer@ceb01da17d8c2a82cb713d8f16e290f42eee0eab	gold				false
micro_k016	en	36		a1	2	internal_edu	arg-microtexts-multilayer@ceb01da17d8c2a82cb713d8f16e290f42eee0eab	gold				false
micro_k016	en	80		a2	3	adu	arg-microtexts-multilayer@ceb01da17d8c2a82cb713d8f16e290f42eee0eab	gold				false
micro_k016	en	127		a3	4	adu	arg-microtexts-multilayer@ceb01da17d8c2a82cb713d8f16e290f42eee0eab	gold				false
micro_k016	en	167		a4	5	adu	arg-microtexts-multilayer@ceb01da17d8c2a82cb713d8f16e290f42eee0eab	gold				false
micro_k016	en	254		a5	6	adu	arg-microtexts-multilayer@ceb01da17d8c2a82cb713d8f16e290f42eee0eab	gold				false
micro_k017	en	0		a1	1	document_start	arg-microtexts-multilayer@ceb01da17d8c2a82cb713d8f16e290f42eee0eab	gold				false
micro_k017	en	74		a2	2	adu	arg-microtexts-multilayer@ceb01da17d8c2a82cb713d8f16e290f42eee0eab	gold				false
micro_k017	en	173		a3	3	adu	arg-microtexts-multilayer@ceb01da17d8c2a82cb713d8f16e290f42eee0eab	gold				false
micro_k017	en	230		a4	4	adu	arg-microtexts-multilayer@ceb01da17d8c2a82cb713d8f16e290f42eee0eab	gold				false
micro_k017	en	299		a5	5	adu	arg-microtexts-multilayer@ceb01da17d8c2a82cb713d8f16e290f42eee0eab	gold				false
micro_k018	en	0		a1	1	document_start	arg-microtexts-multilayer@ceb01da17d8c2a82cb713d8f16e290f42eee0eab	gold				false
micro_k018	en	69		a2	2	adu	arg-microtexts-multilayer@ceb01da17d8c2a82cb713d8f16e290f42eee0eab	gold				false
micro_k018	en	140		a3	3	adu	arg-microtexts-multilayer@ceb01da17d8c2a82cb713d8f16e290f42eee0eab	gold				false
micro_k018	en	225		a4	4	adu	arg-microtexts-multilayer@ceb01da17d8c2a82cb713d8f16e290f42eee0eab	gold				false
micro_k018	en	314		a5	5	adu	arg-microtexts-multilayer@ceb01da17d8c2a82cb713d8f16e290f42eee0eab	gold				false
micro_k018	en	378		a6	6	adu	arg-microtexts-multilayer@ceb01da17d8c2a82cb713d8f16e290f42eee0eab	gold				false
micro_k019	en	0		a1	1	document_start	arg-microtexts-multilayer@ceb01da17d8c2a82cb713d8f16e290f42eee0eab	gold				false
micro_k019	en	77		a2	2	adu	arg-microtexts-multilayer@ceb01da17d8c2a82cb713d8f16e290f42eee0eab	gold				false
micro_k019	en	159		a3	3	adu	arg-microtexts-multilayer@ceb01da17d8c2a82cb713d8f16e290f42eee0eab	gold				false
micro_k019	en	238		a4	4	adu	arg-microtexts-multilayer@ceb01da17d8c2a82cb713d8f16e290f42eee0eab	gold				false
micro_k019	en	324		a5	5	adu	arg-microtexts-multilayer@ceb01da17d8c2a82cb713d8f16e290f42eee0eab	gold				false
micro_k019	en	446		a6	6	adu	arg-microtexts-multilayer@ceb01da17d8c2a82cb713d8f16e290f42eee0eab	gold				false
micro_k020	en	0		a1	1	document_start	arg-microtexts-multilayer@ceb01da17d8c2a82cb713d8f16e290f42eee0eab	gold				false
micro_k020	en	92		a2	2	adu	arg-microtexts-multilayer@ceb01da17d8c2a82cb713d8f16e290f42eee0eab	gold				false
micro_k020	en	143		a3	3	adu	arg-microtexts-multilayer@ceb01da17d8c2a82cb713d8f16e290f42eee0eab	gold				false
micro_k020	en	188		a4	4	adu	arg-microtexts-multilayer@ceb01da17d8c2a82cb713d8f16e290f42eee0eab	gold				false
micro_k020	en	222		a4	5	internal_edu	arg-microtexts-multilayer@ceb01da17d8c2a82cb713d8f16e290f42eee0eab	gold				false
micro_k020	en	239		a5	6	adu	arg-microtexts-multilayer@ceb01da17d8c2a82cb713d8f16e290f42eee0eab	gold				false
micro_k021	en	0		a1	1	document_start	arg-microtexts-multilayer@ceb01da17d8c2a82cb713d8f16e290f42eee0eab	gold				false
micro_k021	en	72		a2	2	adu	arg-microtexts-multilayer@ceb01da17d8c2a82cb713d8f16e290f42eee0eab	gold				false
micro_k021	en	147		a3	3	adu	arg-microtexts-multilayer@ceb01da17d8c2a82cb713d8f16e290f42eee0eab	gold				false
micro_k021	en	255		a4	4	adu	arg-microtexts-multilayer@ceb01da17d8c2a82cb713d8f16e290f42eee0eab	gold				false
micro_k021	en	307		a5	5	adu	arg-microtexts-multilayer@ceb01da17d8c2a82cb713d8f16e290f42eee0eab	gold				false
micro_k022	en	0		a1	1	document_start	arg-microtexts-multilayer@ceb01da17d8c2a82cb713d8f16e290f42eee0eab	gold				false
micro_k022	en	59		a2	2	adu	arg-microtexts-multilayer@ceb01da17d8c2a82cb713d8f16e290f42eee0eab	gold				false
micro_k022	en	98		a3	3	adu	arg-microtexts-multilayer@ceb01da17d8c2a82cb713d8f16e290f42eee0eab	gold				false
micro_k022	en	140		a4	4	adu	arg-microtexts-multilayer@ceb01da17d8c2a82cb713d8f16e290f42eee0eab	gold				false
micro_k022	en	207		a5	5	adu	arg-microtexts-multilayer@ceb01da17d8c2a82cb713d8f16e290f42eee0eab	gold				false
micro_k022	en	262		a5	6	internal_edu	arg-microtexts-multilayer@ceb01da17d8c2a82cb713d8f16e290f42eee0eab	gold				false
micro_k022	en	351		a6	7	adu	arg-microtexts-multilayer@ceb01da17d8c2a82cb713d8f16e290f42eee0eab	gold				false
micro_k023	en	0		a1	1	document_start	arg-microtexts-multilayer@ceb01da17d8c2a82cb713d8f16e290f42eee0eab	gold				false
micro_k023	en	108		a2	2	adu	arg-microtexts-multilayer@ceb01da17d8c2a82cb713d8f16e290f42eee0eab	gold				false
micro_k023	en	151		a3	3	adu	arg-microtexts-multilayer@ceb01da17d8c2a82cb713d8f16e290f42eee0eab	gold				false
micro_k023	en	193		a4	4	adu	arg-microtexts-multilayer@ceb01da17d8c2a82cb713d8f16e290f42eee0eab	gold				false
micro_k023	en	304		a5	5	adu	arg-microtexts-multilayer@ceb01da17d8c2a82cb713d8f16e290f42eee0eab	gold				false
micro_k024	en	0		a1	1	document_start	arg-microtexts-multilayer@ceb01da17d8c2a82cb713d8f16e290f42eee0eab	gold				true
micro_k024	en	67		a2	2	adu	arg-microtexts-multilayer@ceb01da17d8c2a82cb713d8f16e290f42eee0eab	gold				true
micro_k024	en	134		a3	3	adu	arg-microtexts-multilayer@ceb01da17d8c2a82cb713d8f16e290f42eee0eab	gold				true
micro_k024	en	253		a4	4	adu	arg-microtexts-multilayer@ceb01da17d8c2a82cb713d8f16e290f42eee0eab	gold				true
micro_k024	en	268		a4	13	internal_edu	arg-microtexts-multilayer@ceb01da17d8c2a82cb713d8f16e290f42eee0eab	gold				true
micro_k024	en	327		a4	14	internal_edu	arg-microtexts-multilayer@ceb01da17d8c2a82cb713d8f16e290f42eee0eab	gold				true
micro_k024	en	368		a5	5	adu	arg-microtexts-multilayer@ceb01da17d8c2a82cb713d8f16e290f42eee0eab	gold				true
micro_k024	en	438		a6	6	adu	arg-microtexts-multilayer@ceb01da17d8c2a82cb713d8f16e290f42eee0eab	gold				true
micro_k024	en	477		a7	7	adu	arg-microtexts-multilayer@ceb01da17d8c2a82cb713d8f16e290f42eee0eab	gold				true
micro_k025	en	0		a1	1	document_start	arg-microtexts-multilayer@ceb01da17d8c2a82cb713d8f16e290f42eee0eab	gold				false
micro_k025	en	38		a2	2	adu	arg-microtexts-multilayer@ceb01da17d8c2a82cb713d8f16e290f42eee0eab	gold				false
micro_k025	en	109		a3	3	adu	arg-microtexts-multilayer@ceb01da17d8c2a82cb713d8f16e290f42eee0eab	gold				false
micro_k025	en	164		a4	4	adu	arg-microtexts-multilayer@ceb01da17d8c2a82cb713d8f16e290f42eee0eab	gold				false
micro_k025	en	287		a5	5	adu	arg-microtexts-multilayer@ceb01da17d8c2a82cb713d8f16e290f42eee0eab	gold				false
micro_k027	en	0		a1	1	document_start	arg-microtexts-multilayer@ceb01da17d8c2a82cb713d8f16e290f42eee0eab	gold				false
micro_k027	en	124		a2	2	adu	arg-microtexts-multilayer@ceb01da17d8c2a82cb713d8f16e290f42eee0eab	gold				false
micro_k027	en	183		a2	3	internal_edu	arg-microtexts-multilayer@ceb01da17d8c2a82cb713d8f16e290f42eee0eab	gold				false
micro_k027	en	228		a3	4	adu	arg-microtexts-multilayer@ceb01da17d8c2a82cb713d8f16e290f42eee0eab	gold				false
micro_k027	en	302		a3	5	internal_edu	arg-microtexts-multilayer@ceb01da17d8c2a82cb713d8f16e290f42eee0eab	gold				false
micro_k027	en	370		a3	6	internal_edu	arg-microtexts-multilayer@ceb01da17d8c2a82cb713d8f16e290f42eee0eab	gold				false
micro_k027	en	399		a4	7	adu	arg-microtexts-multilayer@ceb01da17d8c2a82cb713d8f16e290f42eee0eab	gold				false
micro_k029	en	0		a1	1	document_start	arg-microtexts-multilayer@ceb01da17d8c2a82cb713d8f16e290f42eee0eab	gold				false
micro_k029	en	103		a2	2	adu	arg-microtexts-multilayer@ceb01da17d8c2a82cb713d8f16e290f42eee0eab	gold				false
micro_k029	en	233		a3	3	adu	arg-microtexts-multilayer@ceb01da17d8c2a82cb713d8f16e290f42eee0eab	gold				false
micro_k029	en	280		a3	4	internal_edu	arg-microtexts-multilayer@ceb01da17d8c2a82cb713d8f16e290f42eee0eab	gold				false
micro_k029	en	336		a4	5	adu	arg-microtexts-multilayer@ceb01da17d8c2a82cb713d8f16e290f42eee0eab	gold				false
micro_k031	en	0		a1	1	document_start	arg-microtexts-multilayer@ceb01da17d8c2a82cb713d8f16e290f42eee0eab	gold				false
micro_k031	en	54		a2	2	adu	arg-microtexts-multilayer@ceb01da17d8c2a82cb713d8f16e290f42eee0eab	gold				false
micro_k031	en	107		a3	3	adu	arg-microtexts-multilayer@ceb01da17d8c2a82cb713d8f16e290f42eee0eab	gold				false
micro_k031	en	182		a4	4	adu	arg-microtexts-multilayer@ceb01da17d8c2a82cb713d8f16e290f42eee0eab	gold				false
micro_k031	en	258		a5	5	adu	arg-microtexts-multilayer@ceb01da17d8c2a82cb713d8f16e290f42eee0eab	gold				false
micro_k031	en	307		a6	6	adu	arg-microtexts-multilayer@ceb01da17d8c2a82cb713d8f16e290f42eee0eab	gold				false
